ID (DC:identifier)	ASSESSORATO DIPARTIMENTO/UFFICIO SPECIALE TITOLARE (DC:creator)	TEMA DATI.GOV.IT (DCAT:theme)	TEMA EUROVOC (DCAT:theme)	SOTTOTEMA EUROVOC (DCAT:theme)	NOME DEL/DEI DATASET (DC:title)	DESCRIZIONE (DC:description)	PAROLE CHIAVE (DCAT:keyword)	PAGINA WEB (DCAT:landingPage)	URL DI PUBBLICAZIONE (DCAT:downloadURL)	FORMATO (DC:format)	LICENZA X RIUTILIZZO (DC:license)	LOCALIZZAZIONE (0 - Nessuna 1 - CAP/Comune 2 - Indirizzo 3 - coordinate geospaziali-Latitudine/Long o poligoni.)	DATA ULTIMO AGGIORNAMENTO (DC:modified)	FREQUENZA DI AGGIORNAMENTO	OBBLIGO DI PUBBLICAZIONE	ALTRO
1	Tutti i Dipartimenti e gli Uffici Speciali	Government e settore pubblico	32 ISTRUZIONE E COMUNICAZIONE	3226 COMUNICAZIONE	Numeri telefonici	Elenco dei numeri telefonici dei centralini delle strutture regionali		http://pti.regione.sicilia.it/portal/page/portal/PIR_PORTALE/PIR_Elenchitelefonici		html	NO		SI			
2	Tutti i Dipartimenti e gli Uffici Speciali	Government e settore pubblico	32 ISTRUZIONE E COMUNICAZIONE	3226 COMUNICAZIONE	Indirizzi PEC	Elenco delle caselle di posta elettronica certificata centralini delle strutture regionali		http://pti.regione.sicilia.it/portal/page/portal/PIR_PORTALE/PIR_PostaCertificata		html	NO		SI			
3	Tutti i Dipartimenti e gli Uffici Speciali	Government e settore pubblico	04 POLITICA	0436 POTERE ESECUTIVO E AMMINISTRAZIONE PUBBLICA	Tassi di assenza	Report mensile in forma di tabella che riporta le assenze e le presenze del personale delle varie strutture regionali. Il report di solito contiene le seguenti colonne: - struttura organizzativa; - giorni lavorativi; - giorni di assenza; - giorni di presenza; - tasso di assenza; - tasso di presenza.		http://pti.regione.sicilia.it/portal/page/portal/PIR_PORTALE/PIR_LaStrutturaRegionale/PIR_AssessoratoRegionaleAutonomieLocaliFunzionePubblica/PIR_PersonaleAffariGenerali/PIR_AAAAAMMINISTRAZIONETRASPARENTENEW/PIR_personale/PIR_tassidiassenza		pdf	NO		SI (non tutti) 21 LUGLIO 2015			C'è una disuniformità nella pubblicazione delle informazioni tra le varie strutture: - alcuni documenti sono in pdf base e altri in pdf scannerizzato; - righe e colonne delle tabelle con diversi campi.
4	Tutti i Dipartimenti e gli Uffici Speciali	Government e settore pubblico	04 POLITICA	0436 POTERE ESECUTIVO E AMMINISTRAZIONE PUBBLICA	Incarichi amministrativi di vertice			http://pti.regione.sicilia.it/portal/page/portal/PIR_PORTALE/PIR_Ammtrasparente/PIR_Personale/PIR_Incarichiamministratividivertice		html	NO		SI			
5	Tutti i Dipartimenti e gli Uffici Speciali	Government e settore pubblico	44 OCCUPAZIONE E LAVORO	4421 AMMINISTRAZIONE E REMUNERAZIONE DEL PERSONALE	Retribuzione dirigenti	Tabella con retribuzione annua lorda dei dirigenti che riporta di solito i seguenti campi: - Cognome;                       - Nome; - Stipendio tabellare; - Retribuzione individuale di anzianità; - Retribuzione di posizione; - Parte fissa; - Indennità vacanza contrattuale; - Rateo 13^ mensilità Dirigenti Generali; - Retribuzione accessoria di posizione;  - Dirigenti Generali Art. 64 ccrl; - Retribuzione di posizione Dirigenti Generali D.P. 26/99; - Contingenza Dirigenti Generali; - Retribuzione accessoria; - Parte variabileIndennita' di risultato; - Totale annuo emolumenti.		http://pti.regione.sicilia.it/portal/page/portal/PIR_PORTALE/PIR_Tvm/PIR_Datiinfopersonale/PIR_Retribuzionidirigenti		pdf	NO		?			C'è una disuniformità nella pubblicazione delle informazioni tra le varie strutture: - colonne delle tabelle con campi diversi.
6	Tutti i Dipartimenti e gli Uffici Speciali	Government e settore pubblico	44 OCCUPAZIONE E LAVORO	4421 AMMINISTRAZIONE E REMUNERAZIONE DEL PERSONALE	Nominativi e CV dirigenti e titolari posizioni organizzative	Curriculum Vitae dei dirigenti e tabella con retribuzione annua lorda che riporta di solito i seguenti campi:  - stipendio tabellare; - posizione partefissa; - posizione partevariabile; - retribuzione dirisultato; - altro; - totale annuo lordo.		http://pti.regione.sicilia.it/portal/page/portal/PIR_PORTALE/PIR_Tvm/PIR_Datiinfopersonale/PIR_NominativieCVdirigenti		pdf	NO		?			C'è una disuniformità nella pubblicazione delle informazioni tra le varie strutture: - in alcuni casi CV e tabella retribuzione sono nello stesso documento per ogni dirigente, in altri casi è riportato il CV di ogni dirigente e un documento unico con le retribuzioni di tutti i dirigenti; - righe e colonne delle tabelle con campi diversi.
7	Tutti i Dipartimenti e gli Uffici Speciali	Government e settore pubblico	44 OCCUPAZIONE E LAVORO	4421 AMMINISTRAZIONE E REMUNERAZIONE DEL PERSONALE	Incarichi di natura dirigenziale conferiti a soggetti estranei all'Amministrazione			http://pti.regione.sicilia.it/portal/page/portal/PIR_PORTALE/PIR_Ammtrasparente/PIR_Personale/PIR_Dirigenti/PIR_Dirigentiesterni		html	NO		SI			
8	Tutti i Dipartimenti e gli Uffici Speciali	Government e settore pubblico	44 OCCUPAZIONE E LAVORO	4421 AMMINISTRAZIONE E REMUNERAZIONE DEL PERSONALE	Incarichi e consulenze	In questa pagina sono pubblicati i dati forniti dagli Assessorati, Dipartimenti/Uffici che hanno conferito incarichi di consulenza e collaborazione		http://pti.regione.sicilia.it/portal/page/portal/PIR_PORTALE/PIR_Ammtrasparente/PIR_Consulentiecollaboratori/PIR_Consulenze		html	NO		SI			
9	Tutti i Dipartimenti e gli Uffici Speciali	Government e settore pubblico	20 SCAMBI ECONOMICI E COMMERCIALI	2006 POLITICA COMMERCIALE	Bandi di concorso	Contiene l'indice Serie Concorsi dall'anno 2005 fino al 2015,in versione integrabile scaricabile in formato PDF		http://www.gurs.regione.sicilia.it/gurs-concorsi-pdf.htm		pdf	NO		si (2015)	mensile		Gazzetta Ufficiale della Regione Siciliana - Serie Concorsi
10	Tutti i Dipartimenti e gli Uffici Speciali	Government e settore pubblico	12 DIRITTO	1221 GIUSTIZIA	Procedimenti amministrativi			http://pti.regione.sicilia.it/portal/page/portal/PIR_PORTALE/PIR_Tvm/PIR_Datiorgeprocedimenti/PIR_Procedimentiamministrativi		pdf	NO		?			 Tabelle in forrmato diverso per i vari dipartimenti Pubblicate anche sulla GURS
11	Presidenza della Regione Dipartimento della Programmazione	Progetti europei e di cooperazione	10 UNIONE EUROPEA	1021 FINANZE DELL'UNIONE EUROPEA	Elenco progetti finanziati dal PO FESR 2007-2013	Elenco dei progetti finanziati dal PO FESR 2007-2013 contenente: -  il titolo del progetto; - l’asse di finanziamento;  - l’obiettivo del progetto; - la tematica di riferimento; - il beneficiario; - la provincia e il comune del beneficiario;  - lo stato del progetto (concluso o meno); -  i costi.		http://www.euroinfosicilia.it/progetti/elenco-progetti/		CSV	IODL 1.0		Aprile 2013			
12	Presidenza della Regione Dipartimento della Programmazione	Progetti europei e di cooperazione	10 UNIONE EUROPEA	1021 FINANZE DELL'UNIONE EUROPEA	Grandi progetti	Elenco dei grandi progetti finanziati dal PO FESR 2007-2013 contenente: - asse; - tema; - grande progetto; - scheda (informazioni generali, interventi previsti, avanzamento procedurale, avanzamento finanziario, avanzamento fisico).		http://www.euroinfosicilia.it/progetti/grandi-progetti/		PDF	NO		Luglio 2014			
13	Presidenza della Regione Dipartimento della Programmazione	Progetti europei e di cooperazione	10 UNIONE EUROPEA	2426 INVESTIMENTI E FINANZIAMENTI	Elenco dei beneficiari dei progetti finanziati dal PO FESR 2007-2013	Elenco dei beneficiari dei progetti finanziati dal PO FESR 2007-2013 contenente: -  asse; - denominazione dell'operazione;  - nome del beneficiario; - costo totale; - costo del progetto (quota a valere sul PO; - importo effettivaemente erogato - totale;  - importo effettivamente erogato - quota FESR.		http://www.euroinfosicilia.it/beneficiari/elenco-dei-beneficiari/		XSLX	IODL 1.0		Febbraio 2015			aggiornamento bimestrale
14	Presidenza della Regione Dipartimento della Programmazione	Progetti europei e di cooperazione	10 UNIONE EUROPEA	1021 FINANZE DELL'UNIONE EUROPEA	Stato di attuazione del PO FESR 2007- 2013	Stato di avanzamento finanziario del PO FESR 2007-2013, distinto per asse, contenente: - asse; - costo totale; - impegni; - pagamenti.		http://www.euroinfosicilia.it/il-programma/attuazione/		TXT	IODL 1.0		Giugno 2015			aggiornamento bimestrale
15	Presidenza della Regione Dipartimento della Programmazione	Progetti europei e di cooperazione	10 UNIONE EUROPEA	1021 FINANZE DELL'UNIONE EUROPEA	Elenco dei beneficiari dei progetti finanziati dal PO Italia-Malta 2007-2013	Elenco dei beneficiari dei progetti finanziati dal PO Italia-Malta 2007-2013 contenente: - nome del beneficiario -  asse; - denominazione dell'operazione;  - anno del finanziamento; - contributo comunitario stanziato; - totale importo effettivaemente erogato;  - importo effettivamente erogato - quota FESR.		http://www.italiamalta.eu/index.php?option=com_docman&task=cat_view&gid=81&Itemid=29		CSV	NO		Aprile 2015			File open data senza licenza esplicita
16	Presidenza della Regione Dipartimento della Programmazione	Progetti europei e di cooperazione	10 UNIONE EUROPEA	2426 INVESTIMENTI E FINANZIAMENTI	Elenco dei beneficiari dei progetti finanziati dal PO Italia-Tunisia 2007-2013	Elenco dei beneficiari dei progetti finanziati dal PO Italia-Tunisia 2007-2013 contenente: - CUP; - beneficiario; -  tipologia di spesa; - operazione/progetto; - denominazione dell'operazione/progetto;  - anno del finanziamento; - costo dell'operazione/progetto; - totale importo effettivaemente erogato;  - importo effettivamente erogato - quota comunitaria.		http://www.italietunisie.eu/index.php?option=com_content&view=category&layout=blog&id=43&Itemid=72&lang=it		XSL	NO		Dicembre 2014			File open data senza licenza esplicita
17	Presidenza della Regione Segreteria Generale	Government e settore pubblico	12 DIRITTO	1211 DIRITTO CIVILE	Registro delle persone giuridiche	Registro delle persone giuridiche della Regione Siciliana		http://pti.regione.sicilia.it/portal/page/portal/PIR_PORTALE/PIR_LaStrutturaRegionale/PIR_PresidenzadellaRegione/PIR_SegreteriaGenerale/PIR_Area1/PIR_PersoneGiuridiche/		PDF	NO		Luglio 2015			
18	Presidenza della Regione Segreteria Generale	Giustizia e sicurezza	12 DIRITTO	1221 GIUSTIZIA	Beni confiscati facenti parte del patrimonio indisponibile della Regione Siciliana			http://pti.regione.sicilia.it/portal/page/portal/PIR_PORTALE/PIR_LaStrutturaRegionale/PIR_PresidenzadellaRegione/PIR_SegreteriaGenerale/PIR_Servizio11/PIR_Elenco		Proprietario (html)	NO		22 OTTOBRE 2014			
19	Assessorato della Famiglia, delle Politiche Sociali e del Lavoro Dipartimento della Famiglia e delle Politiche Sociali	Giustizia e sicurezza	12 DIRITTO	1221 GIUSTIZIA	Elenco dei beni confiscati alla criminalità organizzata			http://lineediattivita.dipartimento-famiglia-sicilia.it/images/documenti/2012/bimm.pdf		pdf	NO		?			
20	Presidenza della Regione Segreteria Generale	Giustizia e sicurezza	16 VITA ECONOMICA	1631 ANALISI ECONOMICA	Monitoraggio dei beni confiscati nei comuni siciliani - anno 2014			http://pti.regione.sicilia.it/portal/page/portal/PIR_PORTALE/PIR_LaStrutturaRegionale/PIR_PresidenzadellaRegione/PIR_SegreteriaGenerale/PIR_Servizio11/PIR_Monitoraggiobeniconfiscati/Relazione.pdf		pdf	NO		30/06/2015			
21	Presidenza della Regione Segreteria Generale	Giustizia e sicurezza	12 DIRITTO	1221 GIUSTIZIA	Schede dettagliate dei beni assegnati ai comuni			http://pti.regione.sicilia.it/portal/page/portal/PIR_PORTALE/PIR_LaStrutturaRegionale/PIR_PresidenzadellaRegione/PIR_SegreteriaGenerale/PIR_Servizio11/PIR_Monitoraggiobeniconfiscati/Schede%20dettagliate%20dei%20beni%20assegnati%20ai%20comuni.pdf		Proprietario (pdf)	NO		30/06/2015			
22	Presidenza della Regione Dipartimento della Protezione Civile	Ambiente e meteo	52 AMBIENTE	5206 POLITICA DELL'AMBIENTE	Archivio Avvisi allerta incendi e Ondate di calore			http://www.regione.sicilia.it/presidenza/protezionecivile/pp/archivio_incendi.asp		pdf	NO		2015			
23	Presidenza della Regione Dipartimento della Protezione Civile	Ambiente e meteo	52 AMBIENTE	5206 POLITICA DELL'AMBIENTE	Archivio Avvisi allerta idrogeologica			http://www.regione.sicilia.it/presidenza/protezionecivile/pp/archivio_idro.asp		pdf	NO		2015			
24	Presidenza della Regione Dipartimento della Protezione Civile	Ambiente e meteo	52 AMBIENTE	5206 POLITICA DELL'AMBIENTE	Archivio Avvisi attività sismica			http://www.regione.sicilia.it/presidenza/protezionecivile/pp/archivio_sima_id=1.asp		Proprietario (pdf)	NO		SI			
25	Presidenza della Regione Dipartimento della Protezione Civile	Ambiente e meteo	52 AMBIENTE	5206 POLITICA DELL'AMBIENTE	Archivio Avvisi attività sismico-vulcanico e vulcanica			http://www.regione.sicilia.it/presidenza/protezionecivile/pp/archivio_sima_id=0.asp		pdf	NO		2015			
26	Presidenza della Regione Dipartimento della Protezione Civile	Ambiente e meteo	52 AMBIENTE	5206 POLITICA DELL'AMBIENTE	Strutture di interesse regionale a destinazione strategica o rilevante ai fini di eventuale collasso a seguito di evento sismico	- Edifici municipali - Edifici a destinazione sanitaria - Edifici scolastici o strategici con altre destinazioni d'uso - Infrastrutture - Ponti - Autostrade - ....		http://www.regione.sicilia.it/presidenza/protezionecivile/documenti/rischi/sismico/strutture/index.asp		Proprietario (pdf)	NO		SI			
27	Presidenza della Regione Dipartimento della Protezione Civile	Ambiente e meteo	52 AMBIENTE	5206 POLITICA DELL'AMBIENTE	Geoportale Sistema Informativo Territoriale della Protezione Civile	Confini Amministrativi Centri Operativi Misti - COM Cartografia di Inquadramento Istat 2001 CTR - Regione Sicilia Pianificazione Prot. Civile Microzonazione sismica Cartografia tematica		http://www.sitr.regione.sicilia.it/geoportale		vari	NO		SI			
28	Assessorato delle Attività Produttive Istituto Regionale per il Credito alla Cooperazione (IRCAC)	Attività produttive	24 FINANZE	2416 ISTITUTI FINANZIARI E DI CREDITO	Tasso per le operazioni dell'Istituto Regionale per il Credito alla Cooperazione			http://www.ircac.it/root/tassi_1005.asp		HTML	NO		Agosto 2015			
29	Assessorato delle Attività Produttive	Attività produttive	40 IMPRESA E CONCORRENZA	4011 TIPO D'IMPRESA	Elenco aziende bio	elenco aziende con scheda descrittiva		http://www.sicilybioproject.com/aziende.asp		HTML	NO					
30	Assessorato delle Attività Produttive	Attività produttive	40 IMPRESA E CONCORRENZA	4011 TIPO D'IMPRESA	Elenco aziende food	elenco aziende con scheda descrittiva		http://www.sicilyfoodproject.com/aziende.asp		HTML	NO					
31	Assessorato delle Attività Produttive	Attività produttive	40 IMPRESA E CONCORRENZA	4011 TIPO D'IMPRESA	Elenco aziende craft	elenco aziende con scheda descrittiva		http://www.sicilycraftproject.com/aziende.asp		HTML	NO					
32	Assessorato delle Attività Produttive	Attività produttive	40 IMPRESA E CONCORRENZA	4011 TIPO D'IMPRESA	Elenco aziende design	elenco aziende con scheda descrittiva		http://www.sicilydesignproject.com/aziende.asp		HTML	NO					
33	Assessorato delle Attività Produttive	Attività produttive	40 IMPRESA E CONCORRENZA	4011 TIPO D'IMPRESA	Elenco aziende boating	elenco aziende con scheda descrittiva		http://www.sicilyboatingproject.com/aziende.asp		HTML	NO					
34	Assessorato delle Attività Produttive	Attività produttive	40 IMPRESA E CONCORRENZA	4011 TIPO D'IMPRESA	Elenco aziende fashion	elenco aziende con scheda descrittiva		http://www.sicilyfashionproject.com/aziende.asp		HTML	NO					
35	Assessorato dei Beni Culturali e dell'Identità Siciliana Dipartimento dei Beni culturali e dell'Identità siciliana	Cultura	28 QUESTIONI SOCIALI	2831 CULTURA E RELIGIONE	Soprintendenze			http://pti.regione.sicilia.it/portal/page/portal/PIR_PORTALE/PIR_LaStrutturaRegionale/PIR_AssBeniCulturali/PIR_BeniCulturaliAmbientali/PIR_969906.14641561		HTML	NO		SI			
36	Assessorato dei Beni Culturali e dell'Identità Siciliana Dipartimento dei Beni culturali e dell'Identità siciliana	Cultura	28 QUESTIONI SOCIALI	2831 CULTURA E RELIGIONE	Schede informative parchi, musei, gallerie e aree archeologiche	Maschera di ricerca		http://www.regione.sicilia.it/beniculturali/dirbenicult/database/page_musei/pagina_musei.asp?ID=60		DB	NO		SI			
37	Assessorato dei Beni Culturali e dell'Identità Siciliana Dipartimento dei Beni culturali e dell'Identità siciliana	Cultura	28 QUESTIONI SOCIALI	2831 CULTURA E RELIGIONE	Elenco dei musei, gallerie e siti archeologici	129 schede contenenti: - Categoria - Provincia - Comune - Località - Denominazione - Indirizzo - Telefono - Orari - Biglietto intero - Biglietto ridotto - Biglietto cumulativo - Note		http://www.regione.sicilia.it/beniculturali/dirbenicult/database/dipartimento_2/siti_list.asp		html	NO		SI			
38	Assessorato dei Beni Culturali e dell'Identità Siciliana Dipartimento dei Beni culturali e dell'Identità siciliana	Cultura	28 QUESTIONI SOCIALI	2831 CULTURA E RELIGIONE	Eventi	DB interrogabile con schede informative		http://www.regione.sicilia.it/beniculturali/dirbenicult/areariservata/eventi/EventiPubblicati/interrogazione.asp		DB	NO		SI			
39	Assessorato dei Beni Culturali e dell'Identità Siciliana Dipartimento dei Beni culturali e dell'Identità siciliana	Cultura	28 QUESTIONI SOCIALI	2831 CULTURA E RELIGIONE	Dati sulla fruizione dei Beni culturali in Sicilia			http://www.regione.sicilia.it/beniculturali/dirbenicult/musei/museifruizione.html		pdf	NO		SI			
40	Assessorato dei Beni Culturali e dell'Identità Siciliana Dipartimento dei Beni culturali e dell'Identità siciliana	Cultura	28 QUESTIONI SOCIALI	2831 CULTURA E RELIGIONE	Schede dei beni inamovibili della Regione Siciliana			http://www.regione.sicilia.it/beniculturali/dirbenicult/info/beniinamovibili/beniinamovibili.html		html	NO		SI			
41	Assessorato dei Beni Culturali e dell'Identità Siciliana Dipartimento dei Beni culturali e dell'Identità siciliana	Cultura	28 QUESTIONI SOCIALI	2831 CULTURA E RELIGIONE	Virtual Tour, mappe con percorsi e schede	- Carta con percorsi .pdf - Le carte delle aree archeologiche .swf  - Virtual tour - Scheda		http://www.regione.sicilia.it/beniculturali/dirbenicult/musei/museivirtualtour.html		pdf	NO		SI			
42	Assessorato dei Beni Culturali e dell'Identità Siciliana Dipartimento dei Beni culturali e dell'Identità siciliana	Cultura	28 QUESTIONI SOCIALI	2831 CULTURA E RELIGIONE	Google map dei musei, delle gallerie e della aree archeologiche siciliane	111 siti georeferenziati		http://www.regione.sicilia.it/beniculturali/dirbenicult/database/museogeo/site_locator.asp		Proprietario	NO	3	SI			
43	Assessorato dei Beni Culturali e dell'Identità Siciliana Dipartimento dei Beni culturali e dell'Identità siciliana	Cultura	28 QUESTIONI SOCIALI	2831 CULTURA E RELIGIONE	Elenco del patrimonio culturale vincolato	Vincoli dei beni culturali > VINCOLI ARCHEOLOGICI.pdf > VINCOLI BENI MOBILI STORICO-ARTISTICI.pdf > VINCOLI BENI IMMOBILI STORICO-ARTISTICI ED ARCHITETTONICI.pdf > VINCOLI BENI ETNOANTROPOLOGICI.pdf > VINCOLI NATURALISTICI.pdf   Vincoli dei beni paesaggistici  > VINCOLI PAESAGGISTICI		http://www.regione.sicilia.it/beniculturali/dirbenicult/soprintendenze/vincoli/vincolibc.html		pdf	NO		?			
44	Assessorato dei Beni Culturali e dell'Identità Siciliana Dipartimento dei Beni culturali e dell'Identità siciliana	Ambiente e meteo	52 AMBIENTE	5206 POLITICA DELL'AMBIENTE	Piano paesaggistico regionale	Rappresentazione cartografica e dei contenuti metodologici, tematici e normativi dei Piani Territoriali Paesaggistici della Regione Siciliana.		http://www.regione.sicilia.it/beniculturali/dirbenicult/bca/ptpr/sitr.html		Proprietario (Web Gis)	NO		?			
45	Assessorato dei Beni Culturali e dell'Identità Siciliana Dipartimento dei Beni culturali e dell'Identità siciliana	Ambiente e meteo	52 AMBIENTE	5206 POLITICA DELL'AMBIENTE	Piano di Gestione UNESCO Isole Eolie	Piano contentente allegati cartografici: - Ortofoto .pdf   - Modello digitale del terreno .pdf  - Perimetrazione SIC e ZTS .pdf - Riserva naturale orientata .pdf     - Vulcanologia .pdf   - Archeologia .pdf		http://www.regione.sicilia.it/beniculturali/dirbenicult/pianogestioneeolie.html		pdf	NO		?			
46	Assessorato dei Beni Culturali e dell'Identità Siciliana Dipartimento dei Beni culturali e dell'Identità siciliana	Cultura	28 QUESTIONI SOCIALI	2831 CULTURA E RELIGIONE	Registro delle Eredità Immateriali (R.E.I.)			http://pti.regione.sicilia.it/portal/page/portal/PIR_PORTALE/PIR_LaStrutturaRegionale/PIR_AssBeniCulturali/PIR_BeniCulturaliAmbientali/PIR_REIRegistrodelleEreditaImmateriali		xls	NO		SI			
47	Assessorato dei Beni Culturali e dell'Identità Siciliana Biblioteca centrale della Regione Siciliana 'A. Bombace' Palermo	Cultura	28 QUESTIONI SOCIALI	2831 CULTURA E RELIGIONE	Catalogo Polo regionale di Sicilia	Il catalogo contiene 612.017 schede, aggiornate al 01/07/2013		http://opac.sicilia.metavista.it/opac_sicilia/opac/sicilia/free.jsp		DB	NO		SI			
48	Assessorato dei Beni Culturali e dell'Identità Siciliana Dipartimento dei Beni culturali e dell'Identità siciliana	Cultura	28 QUESTIONI SOCIALI	2831 CULTURA E RELIGIONE	Servizio Biblioteche regionali - schede dati 2004	Una scheda per provincia		http://pti.regione.sicilia.it/portal/page/portal/PIR_PORTALE/PIR_LaStrutturaRegionale/PIR_AssBeniCulturali/PIR_BeniCulturaliAmbientali/PIR_BibliotecheeArchivi		pdf	NO		NO (2004)			
49	Assessorato dell'Economia Dipartimento del Bilancio e del Tesoro - Ragioneria Generale della Regione	Economia, finanze e tributi	24 FINANZE	2441 BILANCIO	Bilancio di previsione della Regione Siciliana	Bilancio di previsione della Regione Siciliana per l'anno finanziario 2013 e bilancio pluriennale per il triennio 2013 - 2015 contenente: - Legge di bilancio; - Quadro generale riassuntivo del bilancio di competenza; - Quadro delle previsioni di cassa; - Bilancio di previsione per U.P.B. per l'anno 2013; - Bilancio di previsione per U.P.B. per il triennio 2012 - 2014; - Riassunti entrata per il triennio 2013 - 2015; - Riassunti spesa per il triennio 2012- 2014; - Elenchi; - Bilancio per capitoli.		http://pti.regione.sicilia.it/portal/page/portal/PIR_PORTALE/PIR_LaStrutturaRegionale/PIR_AssessoratoEconomia/PIR_DipBilancioTesoro/PIR_BilanciodiPrevisione/PIR_Annofinanziario2013		pdf	NO		SI			sono vari documenti in pdf
50	Assessorato dell'Economia Dipartimento del Bilancio e del Tesoro - Ragioneria Generale della Regione	Economia, finanze e tributi	24 FINANZE	2441 BILANCIO	Rendiconto generale della Regione	Rendiconto generale della Regione (2012) suddiviso in due parti: - il conto consuntivo del bilancio o rendiconto finanziario, in cui sono riportati i risultati della  gestione finanziaria in relazione alla previsione di bilancio; - il conto generale del patrimonio o rendiconto patrimoniale, in cui sono riportate le variazioni avvenute nel patrimonio e la situazione patrimoniale finale.		http://pti.regione.sicilia.it/portal/page/portal/PIR_PORTALE/PIR_LaStrutturaRegionale/PIR_AssessoratoEconomia/PIR_DipBilancioTesoro/PIR_RendicontoGenerale/PIR_Annofinanziario2012		pdf	NO		SI			sono vari documenti in pdf
51	Assessorato dell'Economia Dipartimento del Bilancio e del Tesoro - Ragioneria Generale della Regione	Economia, finanze e tributi	24 FINANZE	2436 FINANZE PUBBLICHE E POLITICA DI BILANCIO	Elenco dei soggetti beneficiari di concessioni e attribuzioni di vantaggi economici	Elenco dei beneficiari di concessioni e attribuzioni di vantaggi economici contenente: - beneficiario; - dati fiscali; - importo; - norma o titolo base; - ufficio; - responsabile del procedimento; - modalità di individuazione dei beneficiari; - data del provvedimento; - numero del provvedimento.		http://www.regione.sicilia.it/amministrazioneaperta/		csv	NO		SI			file open data senza licenza esplicita
52	Assessorato dell'Economia Dipartimento del Bilancio e del Tesoro - Ragioneria Generale della Regione	Economia, finanze e tributi	24 FINANZE	2436 FINANZE PUBBLICHE E POLITICA DI BILANCIO	Bollettino sul fabbisogno Finanziario della Regione	Contiene le tabelle con i dati del Bollettino del fabbisogno finanziario della Regione Siciliana.		http://pti.regione.sicilia.it/portal/page/portal/PIR_PORTALE/PIR_LaStrutturaRegionale/PIR_AssessoratoEconomia/PIR_DipBilancioTesoro/PIR_NormeDocumenti/PIR_BollettinosulfabbisognoFinanziariodellaRegione		ods	SI (IODL 1.0)		SI			
53	Assessorato dell'Economia Dipartimento delle Finanze e Credito	Economia, finanze e tributi	24 FINANZE	2416 ISTITUTI FINANZIARI E DI CREDITO	Osservatorio Regionale sul Credito	Contiene le relazioni annuali dell'Osservatorio, che analizza l'articolazione territoriale delle banche presenti in Sicilia, la rete degli sportelli e le consistenze annuali dei depositi, dei prestiti e delle sofferenze, il rapporto trimestrale sulla rilevazione dei tassi d'interesse attivi applicati sui finanziamenti concessi dalle banche in Sicilia e la relazione semestrale sull'attività delle banche regionali		http://pti.regione.sicilia.it/portal/page/portal/PIR_PORTALE/PIR_LaStrutturaRegionale/PIR_AssessoratoEconomia/PIR_Osservatorio_regionale		xls	SI (IODL 1.0)		SI			
54	Assessorato dell'Economia Dipartimento delle Finanze e Credito	Economia, finanze e tributi	24 FINANZE	2416 ISTITUTI FINANZIARI E DI CREDITO	Credito d'imposta per gli investimenti	Contiene i dati riepilogativi delle istanze presentate dalle imprese per accedere al credito d'imposta di cui alla L.R. 17/11/2009 n.11 secondo la seguente articolazione: dati delle imprese con sede fuori Sicilia, dati statistici delle istanze accolte, distribuzione statistica delle istanze presentate, pianificazione per dimensionamento impresa, dati  riepilogativi delle istanze per codice ateco.		http://pti.regione.sicilia.it/portal/page/portal/PIR_PORTALE/PIR_LaStrutturaRegionale/PIR_AssessoratoEconomia/PIR_DipFinanzeCredito/PIR_CreditoImposta/PIR_eleborazioni		xls	SI (IODL 1.0)		SI			
55	Assessorato dell'Economia Dipartimento delle Finanze e Credito	Economia, finanze e tributi	24 FINANZE	2416 ISTITUTI FINANZIARI E DI CREDITO	Microcredito per le famiglie siciliane	Contiene gli elenchi degli organismi no-profit e delle banche/intermediari finanziari convenzionati nonché la modulistica per l'adesione all'iniziativa.		http://pti.regione.sicilia.it/portal/page/portal/PIR_PORTALE/PIR_LaStrutturaRegionale/PIR_AssessoratoEconomia/PIR_Microcreditoperlefamigliesiciliane		xls	SI (IODL 1.0)		SI			
56	Assessorato dell'Economia Dipartimento delle Finanze e Credito	Economia, finanze e tributi	24 FINANZE	2441 BILANCIO	Autonomia finanziaria siciliana e federalismo fiscale	Contiene i seguenti dati:  - i dati relativi alle entrate per tributi propri e compartecipazioni a tributi erariali delle Regioni autonome e delle Province autonome. Dati di competenza - anno 2010;  - i valori procapite delle principali entrate tributarie delle Regioni autonome e delle Province autonome - anno 2008;  - le spese effettive delle Regioni autonome e delle Province autonome secondo la classificazione funzionale - anno 2010;  - la spesa per la sanità delle Regioni autonome e delle Province autonome e l'ncidenza percentuale della stessa sulle entrate tributarie;  - la quota effettiva di IRPEF percepita delle Regioni autonome e delle Province autonome rispetto a quella statutariamente attribuita;  - la stima effetti finanziari per la Regione siciliana derivanti dal D.lgs 23/11 Federalismo Municipale;  - i trasferimenti di parte corrente a carico dello Stato e della Regione ai Comuni della Sicilia.		http://pti.regione.sicilia.it/portal/page/portal/PIR_PORTALE/PIR_LaStrutturaRegionale/PIR_AssessoratoEconomia/PIR_Federalismofiscale/PIR_FederalismoDatiapertiOpendata		xls	SI (IODL 1.0)					
57	Assessorato regionale dell'energia e dei servizi di pubblica utilità Dipartimento dell'Energia	Energia	66 ENERGIA	6606 POLITICA  ENERGETICA	Piano Energetico Ambientale della Regione Siciliana (PEARS)			http://pti.regione.sicilia.it/portal/page/portal/PIR_PORTALE/PIR_LaStrutturaRegionale/PIR_AssEnergia/PIR_DipEnergia/PIR_PianoEnergeticoAmbientaledellaRegioneSicilianaPEARS		pdf	NO		SI			
58	Assessorato regionale dell'energia e dei servizi di pubblica utilità Dipartimento dell'Energia Osservatorio Regionale dell'Energia	Energia	66 ENERGIA	6606 POLITICA ENERGETICA	Rapporto energia 2012			http://pti.regione.sicilia.it/portal/page/portal/PIR_PORTALE/PIR_LaStrutturaRegionale/PIR_AssEnergia/PIR_DipEnergia/PIR_7159054.857606406/PIR_Datiestrumentidianalisi/PIR_Rapporto_energia_sicilia		Proprietario (pdf)	NO		SI			Disponibili anche i rapporti degli anni precedenti
59	Assessorato regionale dell'energia e dei servizi di pubblica utilità Dipartimento dell'Energia	Energia	32 ISTRUZIONE E COMUNICAZIONE	3236 INFORMATICA E TRATTAMENTO DEI DATI	Elenco regionale dei soggetti abilitati alla certificazione energetica degli edifici			http://pti.regione.sicilia.it/portal/page/portal/PIR_PORTALE/PIR_LaStrutturaRegionale/PIR_AssEnergia/PIR_DipEnergia/PIR_2754499.1088975756/PIR_EfficienzaEnergeticanellEdilizia/PIR_EfficienzaEnergeticanellEdilizia/Elenco%20aggiornato%20al%2030.06.2013.pdf		Proprietario (pdf)	NO		SI			
60	Assessorato regionale dell'energia e dei servizi di pubblica utilità Dipartimento dell'Energia Osservatorio Regionale dell'Energia	Energia	66 ENERGIA	6626 ENERGIA DOLCE	Dati relativi a fonti rinnovabili in Sicilia	Dati sulle fonti rinnovabili 2012 Distribuzione degli impianti eolici .....		http://pti.regione.sicilia.it/portal/page/portal/PIR_PORTALE/PIR_LaStrutturaRegionale/PIR_AssEnergia/PIR_DipEnergia/PIR_7159054.857606406/PIR_Fontirinnovabilinellaregione		Pdf	NO		SI			
61	Assessorato regionale dell'energia e dei servizi di pubblica utilità Dipartimento dell'Energia Osservatorio Regionale dell'Energia	Energia	66 ENERGIA	6606 POLITICA ENERGETICA	Dati relativi a fonti non rinnovabili in Sicilia	Costo del greggio Produzione idrocarburi .....		http://pti.regione.sicilia.it/portal/page/portal/PIR_PORTALE/PIR_LaStrutturaRegionale/PIR_AssEnergia/PIR_DipEnergia/PIR_7159054.857606406/PIR_FontiNonRinnovabili		pdf	NO		SI			
62	Assessorato regionale dell'energia e dei servizi di pubblica utilità Dipartimento dell'Energia Osservatorio Regionale dell'Energia	Energia	66 ENERGIA	6621 INDUSTRIA NUCLEARE ED ELETTRICA	Carta della rete elettrica in Sicilia			http://pti.regione.sicilia.it/portal/page/portal/PIR_PORTALE/PIR_LaStrutturaRegionale/PIR_AssEnergia/PIR_DipEnergia/PIR_7159054.857606406/PIR_ReteElettrica/reteSicilia.gif		gif	NO		?			
63	Assessorato regionale dell'energia e dei servizi di pubblica utilità Dipartimento dell'Energia Osservatorio Regionale dell'Energia	Energia	66 ENERGIA	6606 POLITICA ENERGETICA	Rete dei metadonotti in Sicilia			http://pti.regione.sicilia.it/portal/page/portal/PIR_PORTALE/PIR_LaStrutturaRegionale/PIR_AssEnergia/PIR_DipEnergia/PIR_7159054.857606406/PIR_RetedelGas/Rete_metanodotti_leg.JPG		jpg	NO		?			
64	Assessorato regionale dell'energia e dei servizi di pubblica utilità Dipartimento dell'Energia	Energia	66 ENERGIA	6616 INDUSTRIA PETROLIFERA	ELENCO GENERALE DEI POZZI ESPLORATIVI PERFORATI O IN CORSO DI PERFORAZIONE IN SICILIA PER RICERCA E COLTIVAZIONE IDROCARBURI			http://pti.regione.sicilia.it/portal/page/portal/PIR_PORTALE/PIR_LaStrutturaRegionale/PIR_AssEnergia/PIR_DipEnergia/PIR_6483619.129778699/PIR_URIG/PIR_ELENCOPOZZI/ELENCO%20POZZI.PDF		pdf	NO		NO (2008)			
65	Assessorato della Famiglia, delle Politiche Sociali e del Lavoro Dipartimento del lavoro, dell'impiego, dell'orientamento, dei servizi e delle attività formative	Lavoro e politiche sociali	44 OCCUPAZIONE E LAVORO	4411 MERCATO DEL LAVORO	Offerte di lavoro			http://www.lavoro.regione.sicilia.it/B@checa/offerte/CercaOfferte.asp		DB	NO		SI			
66	Assessorato della Famiglia, delle Politiche Sociali e del Lavoro Dipartimento del lavoro, dell'impiego, dell'orientamento, dei servizi e delle attività formative	Lavoro e politiche sociali	28 QUESTIONI SOCIALI	2836 PROTEZIONE SOCIALE	Ammortizzatori sociali in deroga per il 2013			http://www.lavoro.regione.sicilia.it/B@checa/ammortizzatori_2013/CercaAmm.asp		DB	NO		SI			
67	Assessorato della Famiglia, delle Politiche Sociali e del Lavoro Dipartimento del lavoro, dell'impiego, dell'orientamento, dei servizi e delle attività formative	Lavoro e politiche sociali	44 OCCUPAZIONE E LAVORO	4411 MERCATO DEL LAVORO	Albo collaudatori cantieri scuola per disoccupati			http://www.regione.sicilia.it/lavoro/cantieri/index.htm		pdf	NO		SI			
68	Assessorato della Famiglia, delle Politiche Sociali e del Lavoro Dipartimento del lavoro, dell'impiego, dell'orientamento, dei servizi e delle attività formative	Lavoro e politiche sociali	44 OCCUPAZIONE E LAVORO	4411 MERCATO DEL LAVORO	Elenco uffici e centri per l'impiego			http://www.lavoro.regione.sicilia.it/B@checa/SediUffici/qsediele.asp		DB	NO	2	SI			Ogni sede è visualizzabile anche su google maps
69	Assessorato della Famiglia, delle Politiche Sociali e del Lavoro Dipartimento della Famiglia e delle Politiche Sociali	Lavoro e politiche sociali	28 QUESTIONI SOCIALI	2826 VITA SOCIALE	Registro regionale delle organizzazioni di volontariato			http://lineediattivita.dipartimento-famiglia-sicilia.it/images/documenti/2013/el15.pdf		pdf	NO		SI			E' presente una sezione open data sul portale http://lineediattivita.dipartimento-famiglia-sicilia.it/ ma non è pubblicato alcun dataset
70	Assessorato della Famiglia, delle Politiche Sociali e del Lavoro Dipartimento della Famiglia e delle Politiche Sociali	Lavoro e politiche sociali	28 QUESTIONI SOCIALI	2836 PROTEZIONE SOCIALE	Albo regionale delle Istituzioni socio assistenziali pubbliche e private	Albi regionali per: - Anziani - Minori - Inabili - Ragazze madri		http://lineediattivita.dipartimento-famiglia-sicilia.it/images/documenti/2013/zia.pdf http://lineediattivita.dipartimento-famiglia-sicilia.it/images/documenti/2013/mino.pdf http://lineediattivita.dipartimento-famiglia-sicilia.it/images/documenti/2013/nabi.pdf http://lineediattivita.dipartimento-famiglia-sicilia.it/images/documenti/2013/rama.pdf		pdf	NO		SI			
71	Assessorato della Famiglia, delle Politiche Sociali e del Lavoro Dipartimento della Famiglia e delle Politiche Sociali	Lavoro e politiche sociali	28 QUESTIONI SOCIALI	2836 PROTEZIONE SOCIALE	Elenco opere pie in Sicilia			http://lineediattivita.dipartimento-famiglia-sicilia.it/images/documenti/2013/indirizzi.pdf		pdf	NO		SI			
72	Assessorato della Famiglia, delle Politiche Sociali e del Lavoro Dipartimento della Famiglia e delle Politiche Sociali	Lavoro e politiche sociali	28 QUESTIONI SOCIALI	2836 PROTEZIONE SOCIALE	Registro assistenti familiari			http://lineediattivita.dipartimento-famiglia-sicilia.it/images/documenti/2013/ra135.pdf		Proprietario (pdf)	NO		SI			Documento non disponibile
73	Assessorato della Famiglia, delle Politiche Sociali e del Lavoro Dipartimento della Famiglia e delle Politiche Sociali	Lavoro e politiche sociali	28 QUESTIONI SOCIALI	2836 PROTEZIONE SOCIALE	Registrto associazioni di solidarietà familiari			http://lineediattivita.dipartimento-famiglia-sicilia.it/images/documenti/2013/ra106.pdf		pdf	NO		SI			
74	Assessorato della Famiglia, delle Politiche Sociali e del Lavoro Dipartimento della Famiglia e delle Politiche Sociali	Lavoro e politiche sociali	08 RELAZIONI INTERNAZIONALI	0821 DIFESA	Albo regionale degli enti di servizio civile			http://lineediattivita.dipartimento-famiglia-sicilia.it/images/documenti/2013/albo.pdf		pdf	NO		SI			
75	Assessorato della Famiglia, delle Politiche Sociali e del Lavoro Dipartimento della Famiglia e delle Politiche Sociali	Lavoro e politiche sociali	28 QUESTIONI SOCIALI	2826 VITA SOCIALE	Elenco associazioni antiracket presenti nel territorio siciliano			http://www.regione.sicilia.it/famiglia/uffspe/Associazioni.htm		html	NO		?			
76	Assessorato della Famiglia, delle Politiche Sociali e del Lavoro Dipartimento della Famiglia e delle Politiche Sociali	Lavoro e politiche sociali	28 QUESTIONI SOCIALI	2806 FAMIGLIA	Dati affidamento minori a singoli, famiglie o parenti			http://lineediattivita.dipartimento-famiglia-sicilia.it/index.php?option=com_content&view=article&id=171&Itemid=148		pdf	NO		SI			
77	Assessorato delle Autonomie Locali e della Funzione Pubblica Dipartimento delle Autonomie Locali	Government e settore pubblico	04 VITA POLITICA	0416 PROCEDURA ELETTORALE E VOTO	SISTEMA ELETTORALE E CONSIGLIERI SPETTANTI AI COMUNI IN BASE ALLA POPOLAZIONE LEGALE RISULTANTE DAL CENSIMENTO 2011			http://www.regione.sicilia.it/famiglia/elettorale/sispopcons.html		html	NO		SI			
78	Assessorato delle Autonomie Locali e della Funzione Pubblica Dipartimento delle Autonomie Locali	Government e settore pubblico	04 VITA POLITICA	0416 PROCEDURA ELETTORALE E VOTO	Report Elezioni Amministrative del 09-10 Giugno 2013	Report Sindaci e Liste    Affluenza-Riepilogo Regionale Report Affluenza Report Voti Candidati Sindaco Report Voti Candidati Sindaco e Liste Report Risultati Report Ripartizione Seggi Report Raffronto Storico (Comuni > 10000 abitanti) Report Sbarramento		http://www.elezioni.regione.sicilia.it/		html	NO		SI			
79	Assessorato Autonomie Locaii e Funzione Pubblica Dipartimento Funzione Pubblica e Personale 	Government e settore pubblico	44 OCCUPAZIONE	4406 OCCUPAZIONE E LAVORO	Personale della Regione Siciliana	Distribuzione territoriale (per provincia) del personale della Regione Siciliana		http://pti.regione.sicilia.it/portal/page/portal/PIR_PORTALE/PIR_LaStrutturaRegionale/PIR_AssessoratoRegionaleAutonomieLocaliFunzionePubblica/PIR_PersonaleAffariGenerali/PIR_Servizio1GestioneGiuridica/PIR_OpenData		pdf	IODL 1.0		NO (ott. 2011)			
80	Assessorato Autonomie Locaii e Funzione Pubblica Dipartimento Funzione Pubblica e Personale 	Government e settore pubblico	44 OCCUPAZIONE	4406 OCCUPAZIONE E LAVORO	Personale della Regione Siciliana	Distribuzione per uffici (Assessorato, Dipartimento, Area/Servizio) del personale della Regione Siciliana		http://pti.regione.sicilia.it/portal/page/portal/PIR_PORTALE/PIR_LaStrutturaRegionale/PIR_AssessoratoRegionaleAutonomieLocaliFunzionePubblica/PIR_PersonaleAffariGenerali/PIR_Servizio1GestioneGiuridica/PIR_OpenData		pdf	IODL 1.0		NO (ott. 2011)			
81	Assessorato Autonomie Locaii e Funzione Pubblica Dipartimento Funzione Pubblica e Personale 	Government e settore pubblico	04 VITA POLITICA	0436 POTERE ESECUTIVO E AMMINISTRAZIONE PUBBLICA	Albo unico dei fornitori			http://www.regione.sicilia.it/Presidenza/albounicofornitori/index.htm		xls	NO		SI			
82	Assessorato delle Infrastrutture e della Mobilità Dipartimento delle infrastrutture della mobilità e dei trasporti	Government e settore pubblico	24 FINANZE	2451 PREZZI	Prezziario regionale per i lavori pubblici			http://pti.regione.sicilia.it/portal/page/portal/PIR_PORTALE/PIR_LaStrutturaRegionale/PIR_AssInfrastruttureMobilita/PIR_InfrastruttureMobilitaTrasporti/PIR_PrezzarioLavoriPubblici		pdf	NO		SI			
83	Assessorato delle Infrastrutture e della Mobilità Dipartimento delle infrastrutture della mobilità e dei trasporti	Government e settore pubblico	44 OCCUPAZIONE	4406 OCCUPAZIONE E LAVORO	Albo dei collaboratori e dei professionisti			http://pti.regione.sicilia.it/portal/page/portal/PIR_PORTALE/PIR_LaStrutturaRegionale/PIR_AssInfrastruttureMobilita/PIR_InfrastruttureMobilitaTrasporti/PIR_CollaudatorieProfessionisti		pdf	NO		SI			
84	Assessorato delle Infrastrutture e della Mobilità Dipartimento delle infrastrutture della mobilità e dei trasporti	Government e settore pubblico	44 OCCUPAZIONE	4406 OCCUPAZIONE E LAVORO	Albo degli esperti per la costituzione di commissioni di gara			http://pti.regione.sicilia.it/portal/page/portal/PIR_PORTALE/PIR_LaStrutturaRegionale/PIR_AssInfrastruttureMobilita/PIR_InfrastruttureMobilitaTrasporti/PIR_EspertiCommissionidigara		pdf	NO		SI			
85	Assessorato delle Infrastrutture e della Mobilità Dipartimento delle infrastrutture della mobilità e dei trasporti	Ambiente e meteo	52 AMBIENTE	5206 POLITICA DELL'AMBIENTE	Caratteristiche dei fabbisogni idrici dei Comuni della Sicilia			http://pti.regione.sicilia.it/portal/page/portal/PIR_PORTALE/PIR_LaStrutturaRegionale/PIR_AssInfrastruttureMobilita/PIR_InfrastruttureMobilitaTrasporti/PIR_4115326.436191696/PIR_pianoregolatoreacquedotti/All.02_Caratt_fabb.pdf		pdf	NO		SI			
86	Assessorato delle Infrastrutture e della Mobilità Dipartimento delle infrastrutture della mobilità e dei trasporti	Ambiente e meteo	53 AMBIENTE	5206 POLITICA DELL'AMBIENTE	Bilanci idrici per ATO e Bilanci idrici degli acquedotti di sovrambito			http://pti.regione.sicilia.it/portal/page/portal/PIR_PORTALE/PIR_LaStrutturaRegionale/PIR_AssInfrastruttureMobilita/PIR_InfrastruttureMobilitaTrasporti/PIR_4115326.436191696/PIR_pianoregolatoreacquedotti/All.03_bilanci.pdf		pdf	NO		SI			
87	Assessorato delle Infrastrutture e della Mobilità Dipartimento delle infrastrutture della mobilità e dei trasporti	Ambiente e meteo	52 AMBIENTE	5206 POLITICA DELL'AMBIENTE	Cartografia di sovrambito			http://pti.regione.sicilia.it/portal/page/portal/PIR_PORTALE/PIR_LaStrutturaRegionale/PIR_AssInfrastruttureMobilita/PIR_InfrastruttureMobilitaTrasporti/PIR_4115326.436191696/PIR_pianoregolatoreacquedotti/PIR_cartografiesovrambito		pdf	NO		SI			
88	Assessorato delle Infrastrutture e della Mobilità Dipartimento delle infrastrutture della mobilità e dei trasporti	Ambiente e meteo	52 AMBIENTE	5211 AMBIENTE NATURALE	Cartografia di ambito provinciale			http://pti.regione.sicilia.it/portal/page/portal/PIR_PORTALE/PIR_LaStrutturaRegionale/PIR_AssInfrastruttureMobilita/PIR_InfrastruttureMobilitaTrasporti/PIR_4115326.436191696/PIR_pianoregolatoreacquedotti/PIR_cartografiaprovinciale		pdf	NO		SI			
89	Assessorato delle Infrastrutture e della Mobilità Dipartimento delle infrastrutture della mobilità e dei trasporti	Mobilità e trasporti	48 TRASPORTO 	4811 ORGANIZZAZIONE DEI TRASPORTI	Elenco delle autolinee e degli orari del Trasporto Pubblico Locale in Sicilia			http://www.regione.sicilia.it/turismo/trasporti/arcautolinee/orari_bus/autolinee.htm		html	NO		NO (marzo 2011)			
90	Assessorato delle Infrastrutture e della Mobilità Dipartimento delle infrastrutture della mobilità e dei trasporti	Mobilità e trasporti	48 TRASPORTO	4811 ORGANIZZAZIONE DEI TRASPORTI	Registro imprese noleggio autobus con conducente			http://pti.regione.sicilia.it/portal/page/portal/PIR_PORTALE/PIR_LaStrutturaRegionale/PIR_AssInfrastruttureMobilita/PIR_InfrastruttureMobilitaTrasporti/PIR_Trasportipubblici/pubblic.%20REGISTRO_NOLEGGIO_BUS%20GIUGNO%202013.pdf		Proprietario (pdf)	NO		SI			
91	Assessorato delle Infrastrutture e della Mobilità Dipartimento delle infrastrutture della mobilità e dei trasporti	Mobilità e trasporti	48 TRASPORTO	4821 TRASPORTI MARITTIMI E FLUVIALI	Elenco e orari collegamenti regionali mediante navi veloci da passeggeri			http://www.regione.sicilia.it/turismo/trasporti/arctrasporti/navi%20veloci.htm		html	NO		NO (agosto 2011)			
92	Assessorato delle Infrastrutture e della Mobilità Dipartimento delle infrastrutture della mobilità e dei trasporti	Mobilità e trasporti	48 TRASPORTO	4826 TRASPORTI AEREI E SPAZIALI	Statistiche relative al Trasporto Aereo per l'anno 2007 - rilevazioni anno 2008			https://pti.regione.sicilia.it/portal/page/portal/PIR_PORTALE/PIR_LaStrutturaRegionale/PIR_AssInfrastruttureMobilita/PIR_InfrastruttureMobilitaTrasporti/PIR_Statistiche/stat%202007%20aereo.pdf		Proprietario (pdf)	NO		NO (2008)			
93	Assessorato delle Infrastrutture e della Mobilità Dipartimento delle infrastrutture della mobilità e dei trasporti	Mobilità e trasporti	48 TRASPORTO	4806 POLITICA DEI TRASPORTI	Statistiche relative al Trasporto Pubblico Locale per l'anno 2007 - rilevazioni anno 2008			https://pti.regione.sicilia.it/portal/page/portal/PIR_PORTALE/PIR_LaStrutturaRegionale/PIR_AssInfrastruttureMobilita/PIR_InfrastruttureMobilitaTrasporti/PIR_Statistiche/stat%202007%20TPL.pdf		Proprietario (pdf)	NO		NO (2008)			
94	Assessorato delle Infrastrutture e della Mobilità Ufficio Speciale Osservatorio Regionale	Mobilità e trasporti	48 TRASPORTO	4811 ORGANIZZAZIONE DEI TRASPORTI	Albo delle imprese di fiducia			http://pti.regione.sicilia.it/portal/page/portal/PIR_PORTALE/PIR_LaStrutturaRegionale/PIR_AssInfrastruttureMobilita/PIR_UffSpeOsservatorioRegionale/PIR_AlboImpresedifiducia		pdf	NO		NO (2011)			
95	Assessorato delle Infrastrutture e della Mobilità Ufficio Speciale Osservatorio Regionale	Mobilità e trasporti	12 DIRITTO	1221 GIUSTIZIA	Elenco enti che hanno comunicato l'adesione al Protocollo di Legalità "Carlo Alberto Dalla Chiesa"			http://pti.regione.sicilia.it/portal/page/portal/PIR_PORTALE/PIR_LaStrutturaRegionale/PIR_AssInfrastruttureMobilita/PIR_UffSpeOsservatorioRegionale/PIR_DallaChiesa		pdf	NO		SI			
96	Assessorato dell'Istruzione e della Formazione Professionale Dipartimento dell'Istruzione e della Formazione Professionale	Lavoro e politiche sociali	44 OCCUPAZIONE E LAVORO	4406 OCCUPAZIONE	Elenco delle sedi orientative e formative accreditate			http://sac.formasicilia.it/sac/home		pdf	NO		SI			Disponibile anche l'archivio con gli elenchi degli anni precedenti
97	Assessorato dell'Istruzione e della Formazione Professionale Dipartimento dell'Istruzione e della Formazione Professionale	Progetti europei e di cooperazione	10 UNIONE EUROPEA	2426 INVESTIMENTI E FINANZIAMENTI	Elenco dei beneficiari dei progetti finanziati con il PO FSE 2007-2013	Elenco dei beneficiari dei progetti finanziati dal PO FSE 2007-2013 contenente: - CodiceIdentificativoOperazione - TitoloProgetto - CUP - Denominazione - CF/P.IVA - ProvinciaSedeLegale - ComuneSedeLegale - IndirizzoSedeLegale - TotaleImpegniBeneficiario - TotaleImpegniBeneficiarioCertificati		http://www.sicilia-fse.it/Uploads/Temporaneo/BeneficiariFSE_agg270912MIURaggLUG.pdf		pdf	NO		NO (sett. 2012)			
98	Assessorato dell'agricoltura, dello sviluppo rurale e della pesca mediterranea	Progetti europei e di cooperazione	10 UNIONE EUROPEA	1021 FINANZE DELL'UNIONE EUROPEA	Documentazione Programma di Sviluppo Rurale (PSR) 2007-2013			http://www.psrsicilia.it/Materiale_id_nuovosito.html		pdf	NO		SI			
99	Assessorato dell'agricoltura, dello sviluppo rurale e della pesca mediterranea	Progetti europei e di cooperazione	10 UNIONE EUROPEA	1021 FINANZE DELL'UNIONE EUROPEA	Dati monitoraggio PSR 2007-2013			https://signon.sian.it/sso/pages/login.jsp		Proprietario (DB)	NO		SI			
100	Assessorato dell'agricoltura, dello sviluppo rurale e della pesca mediterranea	Progetti europei e di cooperazione	10 UNIONE EUROPEA	1021 FINANZE DELL'UNIONE EUROPEA	Relazione annuale di valutazione del PSR 2007-2013			http://www.psrsicilia.it/Valutazione_documenti.html		pdf	NO		SI			Dovrebbero essere estratte le tabelle dalla relazione
101	Assessorato delle Risorse Agricole e Alimentari Dipartimento Interventi Infrastrutturali	Agricoltura, pesca, politiche forestali e alimentari	52 AMBIENTE	5206 POLITICA DELL'AMBIENTE	Elenco con ublcazione e periodo di acquisizione delle stazioni di telemisura			http://www.sias.regione.sicilia.it/corpo_rete_tele_stazioni.htm		html	NO	3	?			
102	Assessorato delle Risorse Agricole e Alimentari Dipartimento Interventi Infrastrutturali	Agricoltura, pesca, politiche forestali e alimentari	32 ISTRUZIONE E COMUNICAZIONE	3236 INFORMATICA E TRATTAMENTO DEI DATI	Dati delle stazioni di telemisura	Temperatura dell' aria a 2 metri Radiazione solare globale Pressione atmosferica ridotta Umidità relativa dell' aria Velocità del vento 2 m media Velocità del vento 2 m massima Direzione del vento 2 m prevalente Velocità del vento 10 m media Velocità del vento 10 m massima Direzione del vento 10 m prevalente Precipitazioni ....		http://www.sias.regione.sicilia.it/corpo_dati.htm		DB	NO		SI			
103	Assessorato delle Risorse Agricole e Alimentari Dipartimento Interventi Infrastrutturali	Agricoltura, pesca, politiche forestali e alimentari	32 ISTRUZIONE E COMUNICAZIONE	3236 INFORMATICA E TRATTAMENTO DEI DATI	Mappe giornaliere	Temperatura Minima giornaliera                                       Temperatura Massima giornaliera Precipitazione Totale giornaliera Radiazione Solare Giornaliera Umidità Relativa Media Diurna Umidità Relativa Media Notturna		http://www.sias.regione.sicilia.it/NHEOWLA01.html		DB	NO		SI			
104	Assessorato delle Risorse Agricole e Alimentari Dipartimento Interventi Infrastrutturali	Agricoltura, pesca, politiche forestali e alimentari	32 ISTRUZIONE E COMUNICAZIONE	3236 INFORMATICA E TRATTAMENTO DEI DATI	Analisi periodiche			http://www.sias.regione.sicilia.it/corpo_analisi_periodiche.htm		html	NO		?			
105	Assessorato delle Risorse Agricole e Alimentari Dipartimento Interventi Infrastrutturali	Agricoltura, pesca, politiche forestali e alimentari	32 ISTRUZIONE E COMUNICAZIONE	3236 INFORMATICA E TRATTAMENTO DEI DATI	Bollettini riepilogativi			http://www.sias.regione.sicilia.it/corpo_bollettini.htm		pdf	NO		si (2015)			
106	Assessorato delle Risorse Agricole e Alimentari Dipartimento Interventi Infrastrutturali	Agricoltura, pesca, politiche forestali e alimentari	32 ISTRUZIONE E COMUNICAZIONE	3236 INFORMATICA E TRATTAMENTO DEI DATI	Climatologia della Sicilia			http://www.sias.regione.sicilia.it/pdf/Climatologia_sicilia.pdf		pdf	NO		?			
107	Assessorato delle Risorse Agricole e Alimentari Dipartimento Interventi Infrastrutturali	Agricoltura, pesca, politiche forestali e alimentari	52 AMBIENTE	5206 POLITICA DELL'AMBIENTE	Carte tematiche di climatologia	Clima Suoli Uso del suolo Cartografia derivata		http://www.sias.regione.sicilia.it/SIT/		WebGIS	NO	3	?			
108	Assessorato delle Risorse Agricole e Alimentari Dipartimento Interventi Infrastrutturali	Agricoltura, pesca, politiche forestali e alimentari	56 AGRICOLTURA ,SIVICOLTURA E PESCA	5606 POLITICA AGRICOLA	Agroservizi			http://www.agroservizi.regione.sicilia.it/agroservizi/jsp/home.do?sportello=agroservizi		Proprietario (DB)	NO		SI			
109	Assessorato delle Risorse Agricole e Alimentari	Agricoltura, pesca, politiche forestali e alimentari	56 AGRICOLTURA ,SIVICOLTURA E PESCA	5606 POLITICA AGRICOLA	Carta Regionale delle zone vulnerabili da nitrati di origine agricola e decreto regionale su reflui oleari e zootecnici			http://www.psrsicilia.it/Allegati/CartaNitrati/Carta_Zone_vulnerabili.pdf		Proprietario (pdf)	NO		SI			
110	Assessorato delle Risorse Agricole e Alimentari Dipartimento Interventi Infrastrutturali	Agricoltura, pesca, politiche forestali e alimentari	56 AGRICOLTURA ,SIVICOLTURA E PESCA	5606 POLITICA AGRICOLA	Zone agricole svantaggiate			http://pti.regione.sicilia.it/portal/page/portal/PIR_PORTALE/PIR_LaStrutturaRegionale/PIR_AssessoratoregionaledelleRisorseAgricoleeAlimentari/PIR_DipPesca/PIR_CreditodImposta/D.D.G.%20%2024%20dic.2003_Zone%20Agricole%20Svantaggiate.pdf		Proprietario (pdf)	NO		NO (2003)			
111	Assessorato delle Risorse Agricole e Alimentari	Agricoltura, pesca, politiche forestali e alimentari	56 AGRICOLTURA ,SIVICOLTURA E PESCA	5621 COLTIVAZIONE DI TERRENI AGRICOLI	Elenco operatori agricoltura biologica			http://www.regione.sicilia.it/Agricolturaeforeste/Assessorato/AgricolturaBiologica.htm		Proprietario (xls)	NO		NO (2011)			
112	Assessorato delle Risorse Agricole e Alimentari	Agricoltura, pesca, politiche forestali e alimentari	56 AGRICOLTURA ,SIVICOLTURA E PESCA	5611 PRODUZIONE E STRUTTURE AGRICOLE	Elenco regionale degli operatori agrituristici autorizzati e delle aziende e fattorie didattiche accreditate			http://www.regione.sicilia.it/Agricolturaeforeste/Assessorato/Agriturismo.htm		Proprietario (xls)	NO		SI			
113	Assessorato delle Risorse Agricole e Alimentari	Agricoltura, pesca, politiche forestali e alimentari	52 AMBIENTE	5206 POLITICA DELL'AMBIENTE	Piano faunistico venatorio - cartografia			http://www.regione.sicilia.it/Agricolturaeforeste/Assessorato/faunistico_ven_PFV_Cartografia.htm		Proprietario (pdf)	NO		?			
114	Assessorato delle Risorse Agricole e Alimentari	Agricoltura, pesca, politiche forestali e alimentari	52 AMBIENTE	5206 POLITICA DELL'AMBIENTE	Elenco associazioni venatorie riconosciute			http://www.regione.sicilia.it/Agricolturaeforeste/Assessorato/allegati/faun_venatorio/AssociazioniVenatorieeccriconosciuteinambitoregionale2010.pdf		Proprietario (html)	NO		?			
115	Assessorato delle Risorse Agricole e Alimentari	Agricoltura, pesca, politiche forestali e alimentari	52 AMBIENTE	5206 POLITICA DELL'AMBIENTE	Elenco associazioni ambientaliste riconosciute			http://www.regione.sicilia.it/Agricolturaeforeste/Assessorato/Faunistico_Ven_Ass_Ambientaliste.htm		Proprietario (html)	NO		?			
116	Assessorato delle Risorse Agricole e Alimentari Dipartimento degli Interventi per la Pesca	Agricoltura, pesca, politiche forestali e alimentari	56 AGRICOLTURA ,SIVICOLTURA E PESCA	5641 PESCA	Rapporto Annuale sulla Pesca e sull'Acquacoltura in Sicilia			http://pti.regione.sicilia.it/portal/page/portal/PIR_PORTALE/PIR_LaStrutturaRegionale/PIR_AssessoratoregionaledelleRisorseAgricoleeAlimentari/PIR_DipPesca/PIR_StudieRicerche/PIR_RapportoPescaeAcquacolturainSicilia		Proprietario (pdf)	NO		NO (2011)			Presenti anche i rapporti degli anni precedenti
117	Assessorato delle Risorse Agricole e Alimentari Dipartimento degli Interventi per la Pesca	Agricoltura, pesca, politiche forestali e alimentari	56 AGRICOLTURA ,SIVICOLTURA E PESCA	5641 PESCA	Studio statistico e socio-economico della filiera ittica regionale	Studio descrittivo dell'acquacoltura in Sicilia. Studio descrittivo del sistema distributivo dei prodotti ittici in Sicilia. Studio descrittivo dell'industria di trasformazione dei prodotti ittici in Sicilia. Studio descrittivo dell'industria cantieristica in Sicilia. Rapporto annuale delle strutture produttive della pesca in Sicilia. Studio descrittivo dell'analisi della dipendenza della pesca in Sicilia		http://pti.regione.sicilia.it/portal/page/portal/PIR_PORTALE/PIR_LaStrutturaRegionale/PIR_AssessoratoregionaledelleRisorseAgricoleeAlimentari/PIR_DipPesca/PIR_StudieRicerche/PIR_Studiostatisticofilieraittica		Proprietario (pdf)	NO		SI			Presenti anche i rapporti degli anni precedenti
118	Assessorato delle Risorse Agricole e Alimentari Dipartimento degli Interventi per la Pesca	Agricoltura, pesca, politiche forestali e alimentari	56 AGRICOLTURA ,SIVICOLTURA E PESCA	5641 PESCA	Elenco imbarcazioni autorizzate al pescaturismo			http://pti.regione.sicilia.it/portal/page/portal/PIR_PORTALE/PIR_LaStrutturaRegionale/PIR_AssessoratoregionaledelleRisorseAgricoleeAlimentari/PIR_DipPesca/PIR_Pescaturismo		Proprietario (pdf)	NO		?			
119	Assessorato della Salute Dipartimento Attività Sanitarie e Osservatorio Epidemiologico	Sanità	28 QUESTIONI SOCIALI	2841 SALUTE	Dove fare una visita	ALTRO TIPO DI STRUTTURA TERRITORIALE AMBULATORIO E LABORATORIO ARNAS FARMACIE IRCCS OSPEDALI OSPEDALITA' PRIVATA POLICLINICI STRUTTURA RESIDENZIALE STRUTTURA RICOVERO E CURA STRUTTURA SEMIRESIDENZIALE STRUTTURE IN RETE STRUTTURE PER EMERGENZA-URGENZA		http://costruiresalute.it/dove-fare-una-visita-o-un-esame		Proprietario (DB)	NO	3	SI			 Risultati georeferenziati
120	Assessorato della Salute Dipartimento Attività Sanitarie e Osservatorio Epidemiologico	Sanità	28 QUESTIONI SOCIALI	2841 SALUTE	Punti Unici di Accesso (PUA)	Sono sportelli informativi sul territorio dove è possibile rivolgersi per avere informazioni sui servizi come l'ADI - Assistenza Domiciliare Integrata - e su come accedervi, per scegliere il medico/pediadra, per ottenere esenzioni ticket e/o invalidità civile		http://costruiresalute.it/pua		Proprietario (DB)	NO	3	SI			 Risultati georeferenziati
121	Assessorato della Salute	Sanità	24 FINANZE	2426 INVESTIMENTI E FINANZIAMENTI	DUPISS - Documento Unitario di Programmazione degli Investimenti Sanitari in Sicilia	Elenco interventi - tutti i codici + fasi		costruiresalute.it/sites/default/files/DUPISS%20-%20elenco%20interventi%20TUTTI%20CODICI%20%2BFASI.xls		Proprietario (xls)	NO		SI			
122	Assessorato della Salute	Sanità	24 FINANZE	2426 INVESTIMENTI E FINANZIAMENTI	DUPISS - Documento Unitario di Programmazione degli Investimenti Sanitari in Sicilia	Indice interventi per categorie e tipo		costruiresalute.it/sites/default/files/DUPISS%20-%20indice%20interventi%20per%20categorie%20e%20tipo.xls		Proprietario (xls)	NO		SI			
123	Assessorato della Salute	Sanità	32 ISTRUZIONE E COMUNICAZIONE	3221 DOCUMENTAZIONE	Geotag dei progetti PO FESR 2007-2013 sulle alte tecnologie			http://62.77.59.134/geotag/sicilia-sanita/		Proprietario (DB)	NO	3	SI			
124	Assessorato della Salute	Sanità	28 QUESTIONI SOCIALI	2841 SALUTE	Libro Bianco della Salute 2011			http://pti.regione.sicilia.it/portal/page/portal/PIR_PORTALE/PIR_LaStrutturaRegionale/PIR_AssessoratoSalute/PIR_LibroBiancodellaSalute2011/libro%20bianco%20II%20ED..pdf		Proprietario (pdf)	NO		NO (2011)			
125	Assessorato della Salute	Sanità	28 QUESTIONI SOCIALI	2841 SALUTE	Atlante Sanitario della Sicilia 2004-2011			http://pti.regione.sicilia.it/portal/page/portal/PIR_PORTALE/PIR_LaStrutturaRegionale/PIR_AssessoratoSalute/PIR_AreeTematiche/PIR_Epidemiologia/PIR_IndaginiEpidemiologiche		Proprietario (pdf)	NO		NO (2011)			
126	Assessorato della Salute	Sanità	28 QUESTIONI SOCIALI	2841 SALUTE	Ricoveri Ospedalieri 2003-2008			http://pti.regione.sicilia.it/portal/page/portal/PIR_PORTALE/PIR_LaStrutturaRegionale/PIR_AssessoratoSalute/PIR_AreeTematiche/PIR_AtlanteSanitarioSiciliano/Atlante_ricoveri_ospedalieri_2003_2008.pdf		Proprietario (pdf)	NO		NO (2008)			
127	Assessorato della Salute Dipartimento Attività Sanitarie e Osservatorio Epidemiologico	Sanità	28 QUESTIONI SOCIALI	2841 SALUTE	Analisi del contesto demografico e di salute della popolazione siciliana			http://pti.regione.sicilia.it/portal/page/portal/PIR_PORTALE/PIR_LaStrutturaRegionale/PIR_AssessoratoSalute/PIR_AreeTematiche/PIR_Epidemiologia/Profilo_salute_Sicilia_2011.pdf		Proprietario (pdf)	NO		SI			
128	Assessorato della Salute Dipartimento Attività Sanitarie e Osservatorio Epidemiologico	Sanità	28 QUESTIONI SOCIALI	2841 SALUTE	VALUTAZIONE DEGLI INDICATORI DI SALUTE PERINATALE (ANNI 2009-2011) E ANDAMENTO DELLA MORTALITA’ INFANTILE IN SICILIA (ANNI 2004-2011)			http://pti.regione.sicilia.it/portal/page/portal/PIR_PORTALE/PIR_LaStrutturaRegionale/PIR_AssessoratoSalute/PIR_AreeTematiche/PIR_Epidemiologia/PIR_Saluteriproduttiva/Valutazione_indicatori_salute_perinatale_Sicilia_2011.pdf		Proprietario (pdf)	NO		SI			
129	Assessorato della Salute	Sanità	28 QUESTIONI SOCIALI	2841 SALUTE	Tariffari, DRG e Prestazioni specialistiche	- Tariffario dei DRG dei ricoveri ospedalieri  - Tariffario delle prestazioni di specialistica ambulatoriale  - Tariffario delle prestazioni di emodialisi  - Day Service  - Tariffa intervento cataratta		http://pti.regione.sicilia.it/portal/page/portal/PIR_PORTALE/PIR_LaStrutturaRegionale/PIR_AssessoratoSalute/PIR_TariffariDRGPrestazioni		Proprietario (xls)	NO		SI			
130	Assessorato della Salute Dipartimento per la Pianificazione Strategica	Sanità	28 QUESTIONI SOCIALI	2841 SALUTE	Anagrafe consultori pubblici			pti.regione.sicilia.it/portal/page/portal/PIR_PORTALE/PIR_LaStrutturaRegionale/PIR_AssessoratoSalute/PIR_DipPianificazioneStrategica/PIR_Consultorifamiliari/consult%20pubb.xls		Proprietario (xls)	NO					
131	Assessorato della Salute Dipartimento per la Pianificazione Strategica	Sanità	28 QUESTIONI SOCIALI	2841 SALUTE	Anagrafe consultori privati			pti.regione.sicilia.it/portal/page/portal/PIR_PORTALE/PIR_LaStrutturaRegionale/PIR_AssessoratoSalute/PIR_DipPianificazioneStrategica/PIR_Consultorifamiliari/consult%20privati.xls								
132	Assessorato della Salute	Sanità	28 QUESTIONI SOCIALI	2841 SALUTE	Elenco strutture di detenzione regionali autorizzate			https://anagrafecanina.izs.it/j6_canina/documentiHome/Mappa_Rifugi_Sicilia.pdf		Proprietario (pdf)	NO		NO (2011)			
133	Assessorato della Salute	Sanità	52 AMBIENTE	5206 POLITICA DELL'AMBIENTE	Albo delle associazioni per la protezione degli animali			https://anagrafecanina.izs.it/j6_canina/documentiHome/Albo_delle_Associazioni_Sicilia.pdf		Proprietario (pdf)	NO		NO (2011)			
134	Assessorato della Salute Dipartimento Attività Sanitarie e Osservatorio Epidemiologico	Sanità	28 QUESTIONI SOCIALI	2841 SALUTE	Bollettino Epidemiologico Veterinaro della Sicilia			http://pti.regione.sicilia.it/portal/page/portal/PIR_PORTALE/PIR_LaStrutturaRegionale/PIR_AssessoratoSalute/PIR_DipartimentoOsservatorioEpidemiologico/PIR_Organigramma/PIR_4081531.845984001/PIR_BollettinoEpidemiologico		Proprietario (pdf)	NO		SI			
135	Assessorato del Territorio e dell'Ambiente Dipartimento Urbanistica Area 2 Interdipartimentale - Sistemi Informativi Territoriali e Cartografia	Sistemi cartografici	28 QUESTIONI SOCIALI	2846 URBANISTICA E EDILIZIA	Geoportale della Regione Siciliana	Infrastruttura dati territoriali - S.I.T.R. contenente 353 risorse suddivise in: - 163 dataset; - 8 serie; - 184 servizi.		http://www.sitr.regione.sicilia.it/geoportale/		Vari	In parte NO In parte SI (IODL 2.0)		?			 Alcuni dataset sono già pubblicati come open data Metadati presenti per tutte le risorse ed esportabili in XML
136	Assessorato del Territorio e dell'Ambiente Dipartimento dell'Ambiente Servizio III - Assetto del territorio e difesa del suolo	Sistemi cartografici	16 VITA ECONOMICA	1606 POLITICA ECONOMICA	Cartografia geologica	Cartografia geologica composta da: - fogli al 50.000; - sezioni al 25.000; - sezioni al 10.000.		http://www.artasicilia.eu/old_site/web/carg/index.html		Proprietario (pdf)	NO		NO			 Vecchio sito
137	Assessorato del Territorio e dell'Ambiente Dipartimento Urbanistica Servizio 5 - Abusivismo edilizio	Ambiente e meteo	28 QUESTIONI SOCIALI	2846 URBANISTICA E EDILIZIA	Sanatorie edilizie (SIAB)	Sistema informativo Regionale per la trasmissione e gestione degli elenchi quindicinali ex art. 13 l.r. n. 17/94 e per il monitoraggio sullo stato di attuazione delle sanatorie edilizie		http://www.sitr.regione.sicilia.it/siab/login.aspx		Proprietario (DB)	NO		?			
138	Assessorato del Territorio e dell'Ambiente Dipartimento Urbanistica Servizio 5 - Abusivismo edilizio	Ambiente e meteo	28 QUESTIONI SOCIALI	2846 URBANISTICA E EDILIZIA	RAPPORTO SULL’ABUSIVISMO EDILIZIO  E   SULLO  STATO  DI DEFINIZIONE  DELLE  ISTANZE  DI  SANATORIA  EDILIZIA	Il rapporto redatto dal Dipartimento dell'Urbanistica delinea un quadro generale del fenomeno dell'abusivismo attraverso l'elaborazione dei dati e delle informazioni a livello sia comunale che provinciale desunti dal sistema informativo sull'abusivismo SIAB		http://pti.regione.sicilia.it/portal/page/portal/PIR_PORTALE/PIR_LaStrutturaRegionale/PIR_Assessoratoregionaledelterritorioedellambiente/PIR_DipUrbanistica/PIR_Servizio5/PIR_BancaDatiUO53		Proprietario (pdf)	NO		SI			 E' raggiungibile dalla sezione "Urbanistica e Territorio - Open Data" ma non è presente una licenza
139	Assessorato del Territorio e dell'Ambiente A.R.P.A. - Agenzia Regionale per la Protezione dell'Ambiente	Ambiente e meteo	52 AMBIENTE	5216 DEGRADO AMBIENTALE	Report sulla qualità dell'aria in Sicilia	Dati e relativi report annuali per l’anno 2012 dei parametri misurati dalle cabine di monitoraggio della qualità dell’aria in Sicilia e la tabella riassuntiva dei superamenti registrati della rete gestita da ARPA.		94.87.144.124/index.php?option=com_content&view=article&id=17&Itemid=29					?			
140	Assessorato del Territorio e dell'Ambiente A.R.P.A. - Agenzia Regionale per la Protezione dell'Ambiente	Ambiente e meteo	52 AMBIENTE	5206 POLITICA DELL'AMBIENTE	Annuario regionale dei dati ambientali	L’Annuario dei dati ambientali 2011 è articolato in nove capitoli: Idrosfera, Atmosfera, Agenti fisici, Biosfera,  Geosfera, Rifiuti, Rischio Antropogenico, Ambiente e Salute e Promozione e Diffusione della Cultura Ambientale.		http://www.arpa.sicilia.it/context.jsp?ID_LINK=737&area=5		Proprietario (pdf)	NO		NO (2011)			
141	Assessorato del Territorio e dell'Ambiente Dipartimento dell'Ambiente  Autorità Ambientale regionale e Servizio 1 VAS - VIA	Ambiente e meteo	12 DIRITTO	1206 FONTI E BRANCHE DEL DIRITTO	Provvedimenti VIA	Banca dati provvedimenti VIA (Verifica assoggettabilità - Giudizio di compatibilità ambientale - Rifiuti e cave)		http://www.artasicilia.eu/old_site/web/vas/assog/index.php		Proprietario (pdf)	NO		NO			 Vecchio sito
142	Assessorato del Territorio e dell'Ambiente Dipartimento Urbanistica Servizio 9	Ambiente e meteo	28 QUESTIONI SOCIALI	2846 URBANISTICA E EDILIZIA	Strumenti urbanistici generali	Banca dati strumenti urbanistici generali		http://pti.regione.sicilia.it/portal/page/portal/PIR_PORTALE/PIR_LaStrutturaRegionale/PIR_Assessoratoregionaledelterritorioedellambiente/PIR_DipUrbanistica/PIR_Servizio9/PIR_BancaDatiServizio9		Proprietario (xls)	NO		SI			 E' raggiungibile dalla sezione "Urbanistica e Territorio - Open Data" ma non è presente una licenza
143	Assessorato del Territorio e dell'Ambiente Dipartimento Urbanistica Servizio 9	Ambiente e meteo	28 QUESTIONI SOCIALI	2846 URBANISTICA E EDILIZIA	Piano regolatore generale	Collegamenti ai piani regolatori generali dei Comuni siciliani		http://pti.regione.sicilia.it/portal/page/portal/PIR_PORTALE/PIR_LaStrutturaRegionale/PIR_Assessoratoregionaledelterritorioedellambiente/PIR_DipUrbanistica/PIR_ElencoTelefonicoGenerale/PIR_PRGOnline		Vari formati	NO		?			 E' raggiungibile dalla sezione "Urbanistica e Territorio - Open Data" ma non è presente una licenza
144	Assessorato del Territorio e dell'Ambiente Comando del Corpo Forestale	Ambiente e meteo	56 AGRICOLTURA ,SIVICOLTURA E PESCA	5636 FORESTA	Inventario forestale	Inventario forestale come banca dati interrogabile		http://sif.regione.sicilia.it/portale/searchInvForestale.do		Proprietario (pdf o xls)	NO		NO			
145	Assessorato del Territorio e dell'Ambiente Comando del Corpo Forestale	Ambiente e meteo	56 AGRICOLTURA ,SIVICOLTURA E PESCA	5636 FORESTA	Inventario forestale	Tabelle inventario forestale		http://sif.regione.sicilia.it/portale/itemdetail.do?body.sItemId=481675&nav.sFolderId=481675&sConceptTag=		Proprietario (pdf)	NO		NO (2011)			
146	Assessorato dell'energia e dei Serivizi di Pubblica Utilità Dipartimento dell'Energia	Ambiente e meteo	52 AMBIENTE	5206 POLITICA DELL'AMBIENTE	Piano di gestione dei rifiuti solidi urbani			http://pti.regione.sicilia.it/portal/page/portal/PIR_PORTALE/PIR_LaStrutturaRegionale/PIR_AssEnergia/PIR_Dipartimentodellacquaedeirifiuti/PIR_PianoGestioneIntegratadeiRifiuti		Proprietario (pdf)	NO		?			
147	Assessorato del Territorio e dell'Ambiente Comando del Corpo Forestale	Ambiente e meteo	56 AGRICOLTURA ,SIVICOLTURA E PESCA	5636 FORESTA	Carte forestali	Carta delle categorie forestali		http://sif.regione.sicilia.it/portale/folder.do?body.sFolderId=157672&nav.sFolderId=157672&sConceptTag=		Proprietario (pdf)			?			
148	Assessorato del Territorio e dell'Ambiente Comando del Corpo Forestale	Ambiente e meteo	32 ISTRUZIONE E COMUNICAZIONE	3236 INFORMATICA E TRATTAMENTO DEI DATI	Carte di interesse territoriale	- Carta del vincolo idrogeologico; - Carta delle ecoregioni; - Carta dei siti di raccolta del materiale di propagazione forestale.		http://sif.regione.sicilia.it/portale/folder.do?body.sFolderId=211661&nav.sFolderId=211661&sConceptTag=		Proprietario (pdf)			?			
149	Assessorato del Territorio e dell'Ambiente Comando del Corpo Forestale	Sistemi cartografici	36 SCIENZE	3606 SCIENZE NATURALI E APPLICATE	Servizi WMS	Ortofoto 2007 Parchi e Riserve Area di Raccolta (boschi da seme) Aree ecologicamente omogenee Aree a priorità di intervento Vincolo idrogeologico Distaccamenti Forestali  Anno 2007 – Aree percorse dal fuoco Anno 2008 – Aree percorse dal fuoco Anno 2009 – Aree percorse dal fuoco Anno 2010 – Aree percorse dal fuoco Anno 2011 – Aree percorse dal fuoco (NEW) Anno 2012 – Aree percorse dal fuoco (NEW) Boschi Vetusti Carta del rischio invernale di incendio Carta del rischio estivo di incendio Modelli di combustibile  Carta Forestale - Categorie Forestali  Carta Forestale - Classi Inventariali  Carta Forestale - def. DLgs 227/01 Carta Forestale - def. LR 19/96 Bacini montani (proposta di perimentazione, sensi L.R. 16/96)  Infrastrutture antincendio		Ortofoto 2007  - http://sif.regione.sicilia.it/sifgis/services/SIF_ORTO_PRIM07/MapServer/WMSServer Parchi e Riserve - http://sif.regione.sicilia.it/sifgis/services/SIF_WMS_PARCHI_E_RISERVE/MapServer/WMSServer Area di Raccolta (boschi da seme) - http://sif.regione.sicilia.it/sifgis/services/SIF_WMS_AREE_DI_RACCOLTA/MapServer/WMSServer Aree ecologicamente omogenee - http://sif.regione.sicilia.it/sifgis/services/SIF_WMS_AREE_ECOLOGICAMENTE_OMOGENEE/MapServer/WMSServer Aree a priorità di intervento - http://sif.regione.sicilia.it/sifgis/services/SIF_WMS_AREE_PRIORITA_INTERVENTO/MapServer/WMSServer Vincolo idrogeologico - http://sif.regione.sicilia.it/sifgis/services/SIF_WMS_VINCOLO_IDROGEOLOGICO/MapServer/WMSServer Distaccamenti Forestali  - http://sif.regione.sicilia.it/sifgis/services/SIF_WMS_DISTACCAMENTI_FORESTALI/MapServer/WMSServer Anno 2007 – Aree percorse dal fuoco - http://sif.regione.sicilia.it/sifgis/services/SIF_WMS_ANNO_2007_AREE_PERCORSE_FUOCO/MapServer/WMSServer Anno 2008 – Aree percorse dal fuoco - http://sif.regione.sicilia.it/sifgis/services/SIF_WMS_ANNO_2008_AREE_PERCORSE_FUOCO/MapServer/WMSServer Anno 2009 – Aree percorse dal fuoco - http://sif.regione.sicilia.it/sifgis/services/SIF_WMS_ANNO_2009_AREE_PERCORSE_FUOCO/MapServer/WMSServer Anno 2010 – Aree percorse dal fuoco - http://sif.regione.sicilia.it/sifgis/services/SIF_WMS_ANNO_2010_AREE_PERCORSE_FUOCO/MapServer/WMSServer Anno 2011 – Aree percorse dal fuoco - http://sif.regione.sicilia.it/sifgis/services/SIF_WMS_ANNO_2011_AREE_PERCORSE_FUOCO/MapServer/WMSServer Anno 2012 – Aree percorse dal fuoco - http://sif.regione.sicilia.it/sifgis/services/SIF_WMS_ANNO_2012_AREE_PERCORSE_FUOCO/MapServer/WMSServer Boschi Vetusti - http://sif.regione.sicilia.it/sifgis/services/SIF_WMS_BOSCHI_VETUSTI/MapServer/WMSServer Carta del rischio invernale di incendio - http://sif.regione.sicilia.it/sifgis/services/SIF_WMS_RISCHIO_INCENDIO_INVERNALE/MapServer/WMSServer Carta del rischio estivo di incendio - http://sif.regione.sicilia.it/sifgis/services/SIF_WMS_RISCHIO_INCENDIO_ESTIVO/MapServer/WMSServer Modelli di combustibile - http://sif.regione.sicilia.it/sifgis/services/SIF_WMS_MODELLI_DI_COMBUSTIBILE/MapServer/WMSServer Carta Forestale - Categorie Forestali  - http://sif.regione.sicilia.it/sifgis/services/SIF_WMS_CF_CATEGORIE_FORESTALI/MapServer/WMSServer Carta Forestale - Classi Inventariali - http://sif.regione.sicilia.it/sifgis/services/SIF_WMS_CF_CLASSI_INVENTARIALI/MapServer/WMSServer Carta Forestale - def. DLgs 227/01- http://sif.regione.sicilia.it/sifgis/services/SIF_WMS_CF_DLGS_227_01/MapServer/WMSServer Carta Forestale - def. LR 19/96 - http://sif.regione.sicilia.it/sifgis/services/SIF_WMS_CF_LR_19_96/MapServer/WMSServer Bacini montani (proposta di perimentazione, sensi L.R. 16/96)  http://sif.regione.sicilia.it/sifgis/services/SIF_WMS_BACINI_MONTANI/MapServer/WMSServer  Infrastrutture antincendio - http://sif.regione.sicilia.it/sifgis/services/SIF_WMS_INFRASTRUTTURE_ANTINCENDIO/MapServer/WMSServer		Proprietario (WMS)	NO		?			
150	Assessorato del Territorio e dell'Ambiente Comando del Corpo Forestale	Ambiente e meteo	56 AGRICOLTURA ,SIVICOLTURA E PESCA	5606 POLITICA AGRICOLA	Perimetrazione bacini montani			http://sif.regione.sicilia.it/portale/folder.do?body.sFolderId=1145674&nav.sFolderId=1145674&sConceptTag=		Proprietario (pdf, WMS e Web GIS)	NO		?			
151	Assessorato del Territorio e dell'Ambiente Dipartimento dell'Ambiente Servizio III - Assetto del territorio e difesa del suolo	Ambiente e meteo	56 AGRICOLTURA ,SIVICOLTURA E PESCA	5621 COLTIVAZIONE DI TERRENI AGRICOLI	Piano per l’Assetto Idrogeologico	strumento conoscitivo, normativo e tecnico-operativo mediante il quale sono pianificate e programmate le azioni, gli interventi e le norme d’uso riguardanti la difesa dal rischio idrogeologico del territorio siciliano		http://www.sitr.regione.sicilia.it/pai/index.htm		Proprietario (pdf)	NO		?			
152	Assessorato regionale del turismo dello sport e dello spettacolo Dipartimento regionale del turismo dello sport e dello spettacolo	Turismo, sport e tempo libero	28 QUESTIONI SOCIALI	2826 VITA SOCIALE	Prinicpali mete turistiche siciliane			http://pti.regione.sicilia.it/portal/page/portal/SIT_PORTALE/SIT_DIR_AREE_TEMATICHE/the%20infinite%20island/le%20principali%20mete%20turistiche		Proprietario (DB)	NO		?			
153	Assessorato regionale del turismo dello sport e dello spettacolo Dipartimento regionale del turismo dello sport e dello spettacolo	Turismo, sport e tempo libero	28 QUESTIONI SOCIALI	2826 VITA SOCIALE	I luoghi da scoprire	Mete e  percorsi turistici alternativi, alla scoperta delle località siciliane meno conosciute		http://pti.regione.sicilia.it/portal/page/portal/SIT_PORTALE/SIT_DIR_AREE_TEMATICHE/the%20infinite%20island/itinerari%20alternativi		Proprietario (DB)	NO		?			
154	Assessorato regionale del turismo dello sport e dello spettacolo Dipartimento regionale del turismo dello sport e dello spettacolo	Turismo, sport e tempo libero	28 QUESTIONI SOCIALI	2826 VITA SOCIALE	I mari di Sicilia			http://pti.regione.sicilia.it/portal/page/portal/SIT_PORTALE/SIT_DIR_AREE_TEMATICHE/SIT_MARI/SIT_MARI_ELENCO		Proprietario (DB)	NO		?			
155	Assessorato regionale del turismo dello sport e dello spettacolo Dipartimento regionale del turismo dello sport e dello spettacolo	Turismo, sport e tempo libero	28 QUESTIONI SOCIALI	2826 VITA SOCIALE	Le isole dell'isola			http://pti.regione.sicilia.it/portal/page/portal/SIT_PORTALE/SIT_DIR_AREE_TEMATICHE/SIT_MARI/SIT_ISOLE		Proprietario (DB)	NO		?			
156	Assessorato regionale del turismo dello sport e dello spettacolo Dipartimento regionale del turismo dello sport e dello spettacolo	Turismo, sport e tempo libero	28 QUESTIONI SOCIALI	2826 VITA SOCIALE	I grandi parchi di Sicilia			http://pti.regione.sicilia.it/portal/page/portal/SIT_PORTALE/SIT_DIR_AREE_TEMATICHE/SIT_PARCHI/SIT_PARCHI_ELENCO		Proprietario (DB)	NO		?			
157	Assessorato regionale del turismo dello sport e dello spettacolo Dipartimento regionale del turismo dello sport e dello spettacolo	Turismo, sport e tempo libero	52 AMBIENTE	5206 POLITICA DELL'AMBIENTE	Riserve e aree protette			http://pti.regione.sicilia.it/portal/page/portal/SIT_PORTALE/SIT_DIR_AREE_TEMATICHE/SIT_PARCHI/Riserve		Proprietario (DB)	NO		?			
158	Assessorato regionale del turismo dello sport e dello spettacolo Dipartimento regionale del turismo dello sport e dello spettacolo	Turismo, sport e tempo libero	28 QUESTIONI SOCIALI	2826 VITA SOCIALE	Ricette siciliane			http://pti.regione.sicilia.it/portal/page/portal/SIT_PORTALE/SIT_DIR_AREE_TEMATICHE/SIT_GASTRONOMIA/Ricette%20siciliane		Proprietario (DB)	NO		?			
159	Assessorato regionale del turismo dello sport e dello spettacolo Dipartimento regionale del turismo dello sport e dello spettacolo	Turismo, sport e tempo libero	28 QUESTIONI SOCIALI	2826 VITA SOCIALE	Terme siciliane			http://pti.regione.sicilia.it/portal/page/portal/SIT_PORTALE/SIT_DIR_AREE_TEMATICHE/SIT_TermeBenessere		Proprietario (DB)	NO		?			
160	Assessorato regionale del turismo dello sport e dello spettacolo Dipartimento regionale del turismo dello sport e dello spettacolo	Turismo, sport e tempo libero	28 QUESTIONI SOCIALI	2826 VITA SOCIALE	Dove dormire	Catalogo  di 5103 schede accessibile tramite maschera di ricerca		http://pti.regione.sicilia.it/portal/page/portal/SIT_PORTALE/SIT_RICERCHE/SIT_RICERCA?tipoOfferta=1		Proprietario (DB)	NO		?			
161	Assessorato regionale del turismo dello sport e dello spettacolo Dipartimento regionale del turismo dello sport e dello spettacolo	Turismo, sport e tempo libero	28 QUESTIONI SOCIALI	2826 VITA SOCIALE	Itinerari e percorsi a tema			http://pti.regione.sicilia.it/portal/page/portal/SIT_PORTALE/Itinerari		Proprietario (DB)	NO		?			
162	Assessorato regionale del turismo dello sport e dello spettacolo Dipartimento regionale del turismo dello sport e dello spettacolo	Turismo, sport e tempo libero	28 QUESTIONI SOCIALI	2826 VITA SOCIALE	Galleria di foto			http://pti.regione.sicilia.it/portal/page/portal/SIT_PORTALE/SIT_Photogallery/SIT_Thumbnails1		Proprietario (DB, jpg)	NO		?			
163	Assessorato regionale del turismo dello sport e dello spettacolo Dipartimento regionale del turismo dello sport e dello spettacolo	Turismo, sport e tempo libero	28 QUESTIONI SOCIALI	2826 VITA SOCIALE	Elenco agenzie di viaggio			http://pti.regione.sicilia.it/portal/page/portal/PIR_PORTALE/PIR_LaStrutturaRegionale/PIR_TurismoSportSpettacolo/PIR_Turismo/PIR_Agenziediviaggio		Proprietario (pdf)	NO	2	SI			
164	Assessorato regionale del turismo dello sport e dello spettacolo Dipartimento regionale del turismo dello sport e dello spettacolo	Turismo, sport e tempo libero	28 QUESTIONI SOCIALI	2826 VITA SOCIALE	Mappa dei distretti turistici			http://www.regione.sicilia.it/turismo/web_turismo/cartografia/mappa_distretti.asp		Proprietario (ArcGIS)	NO	3	SI			
165	Assessorato regionale del turismo dello sport e dello spettacolo Dipartimento regionale del turismo dello sport e dello spettacolo	Turismo, sport e tempo libero	28 QUESTIONI SOCIALI	2826 VITA SOCIALE	Mappa dei principali musei, dei teatri antichi e dei luoghi più suggestivi della Sicilia			http://www.regione.sicilia.it/turismo/web_turismo/cartografia/mappa_musei_teatri_antichi.asp		Proprietario (ArcGIS)	NO	3	SI			
166	Assessorato regionale del turismo dello sport e dello spettacolo Dipartimento regionale del turismo dello sport e dello spettacolo	Turismo, sport e tempo libero	32 ISTRUZIONE E COMUNICAZIONE	3221 DOCUMENTAZIONE	Attrattività Turistica Sicilia	Presentazione contenente una ricerca di marketing dell'attrattività turistica della Sicilia		http://www.attrattivitasicilia.com/index.php/materiali		Proprietario (pdf)	NO		NO (2011)			
167	Assessorato regionale del turismo dello sport e dello spettacolo Dipartimento regionale del turismo dello sport e dello spettacolo	Turismo, sport e tempo libero	32 ISTRUZIONE E COMUNICAZIONE	3221 DOCUMENTAZIONE	Movimenti Turistici in Sicilia	Dati elaborati dall'Osservatorio Turistico della Regione Siciliana		http://pti.regione.sicilia.it/portal/page/portal/PIR_PORTALE/PIR_LaStrutturaRegionale/PIR_TurismoSportSpettacolo/PIR_Turismo/PIR_7338501.618136477		Proprietario (xls, zip)	NO		?			
168	Assessorato regionale del turismo dello sport e dello spettacolo Dipartimento regionale del turismo dello sport e dello spettacolo	Turismo, sport e tempo libero	28 QUESTIONI SOCIALI	2826 VITA SOCIALE	Servizi Turistici regionali	I Servizi turistici regionali si occuperanno anche della vigilanza sulle imprese turistiche che operano in Sicilia		http://pti.regione.sicilia.it/portal/page/portal/PIR_PORTALE/PIR_LaStrutturaRegionale/PIR_TurismoSportSpettacolo/PIR_Turismo/PIR_Staff		Proprietario (html)	NO		?			
169	Assessorato regionale del turismo dello sport e dello spettacolo Dipartimento regionale del turismo dello sport e dello spettacolo	Turismo, sport e tempo libero	28 QUESTIONI SOCIALI	2826 VITA SOCIALE	Albo regionale siciliano degli Accompagnatori Turistici	È accompagnatore turistico chi, per professione, accompagna persone singole o gruppi di persone nei viaggi attraverso il territorio nazionale o all’estero; fornisce elementi significativi e notizie di interesse turistico sulle zone di transito al di fuori dell’ambito di competenza delle guide.		http://pti.regione.sicilia.it/portal/page/portal/PIR_PORTALE/PIR_LaStrutturaRegionale/PIR_TurismoSportSpettacolo/PIR_Turismo/PIR_Guideturistiche		Proprietario (pdf)	NO		SI			
170	Assessorato regionale del turismo dello sport e dello spettacolo Dipartimento regionale del turismo dello sport e dello spettacolo	Turismo, sport e tempo libero	28 QUESTIONI SOCIALI	2826 VITA SOCIALE	Albo regionale siciliano delle Guide Turistiche	E' istituito presso l'Assessorato regionale del turismo, delle comunicazioni e dei trasporti l'albo professionale delle guide turistiche della Regione siciliana suddiviso in varie sezioni geografiche.		http://pti.regione.sicilia.it/portal/page/portal/PIR_PORTALE/PIR_LaStrutturaRegionale/PIR_TurismoSportSpettacolo/PIR_Turismo/PIR_Guideturistiche		Proprietario (pdf)	NO		SI			
171	Assessorato regionale del turismo dello sport e dello spettacolo Dipartimento regionale del turismo dello sport e dello spettacolo	Turismo, sport e tempo libero	32 ISTRUZIONE E COMUNICAZIONE	3221 DOCUMENTAZIONE	Elenco delle guide subacquee siciliane	E' guida subacquea chi accompagna in itinerari subacquei, singoli o gruppi, di massimo sei persone, in possesso di brevetto subacqueo riconosciuto descrivendo prima dell'immersione il percorso, le caratteristiche della biologia, della flora e della fauna marina e fornendo significative informazioni sulle corrispondenti zone emerse.		http://pti.regione.sicilia.it/portal/page/portal/PIR_PORTALE/PIR_LaStrutturaRegionale/PIR_TurismoSportSpettacolo/PIR_Turismo/PIR_Guideturistiche		Proprietario (pdf)	NO		SI			
172	Assessorato regionale del turismo dello sport e dello spettacolo Dipartimento regionale del turismo dello sport e dello spettacolo	Turismo, sport e tempo libero	32 ISTRUZIONE E COMUNICAZIONE	3221 DOCUMENTAZIONE	Elenco centri di immersione e scuole subacquee siciliane	E' istituito presso il Dipartimento turismo sport e spettacolo l'elenco degli istruttori subacquei che esercitano l'attività di cui al comma 7 dell'art.1 del presente decreto, nell'ambito del territorio della Regione Siciliana.		http://pti.regione.sicilia.it/portal/page/portal/PIR_PORTALE/PIR_LaStrutturaRegionale/PIR_TurismoSportSpettacolo/PIR_Turismo/PIR_Guideturistiche		Proprietario (pdf)	NO		SI			
173	Assessorato regionale del turismo dello sport e dello spettacolo Dipartimento regionale del turismo dello sport e dello spettacolo	Turismo, sport e tempo libero	32 ISTRUZIONE E COMUNICAZIONE	3221 DOCUMENTAZIONE	Sicilia in onda	Archivio di documenti visivi (curato dalla Rai) sulla Sicilia, suddiviso nelle seguenti tematiche: - Cultura - Spettacolo - Ambiente - Società - Storia - Musica - Politica - Sport		http://www.siciliainonda.rai.it/dl/sicilia/hp/Page-6bbde67e-e04d-48c0-809f-44d388256eee.html		Proprietario (streaming)	NO		?			
174																
175	Assemblea Regionale Siciliana (ARS)	Government e settore pubblico	04 VITA POLITICA	0421 PARLAMENTO	Elenco Deputati	Elenco deputati di tutte le legislature (16)		http://www.ars.sicilia.it/deputati/default.jsp		Proprietario (html)	NO		SI			
176	Assemblea Regionale Siciliana (ARS)	Government e settore pubblico	04 VITA POLITICA	0421 PARLAMENTO	Profilo e Attività Deputati	Scheda contenente: - dati legislatura; - cariche assunte; - attività parlamentare (primo firmatario); - attività parlamentare (cofirmatario).		http://www.ars.sicilia.it/deputati/default.jsp		Proprietario (html)	NO		SI			
177	Assemblea Regionale Siciliana (ARS)	Government e settore pubblico	04 VITA POLITICA	0421 PARLAMENTO	Gruppi parlamentari	elenco dei vari gruppi parlamenti presenti all'ARS.		http://www.ars.sicilia.it/deputati/gruppi.jsp		Proprietario (html)	NO		SI			
178	Assemblea Regionale Siciliana (ARS)	Government e settore pubblico	04 VITA POLITICA	0421 PARLAMENTO	Commissioni parlamentari	elenco delle commissioni parlamentari che si occupano dell’esame di determinati disegni di legge e di commissioni d’indagine e di studio su determinate materie e argomenti		http://www.ars.sicilia.it/organi/commissioni/default.jsp		Proprietario (html)	NO		SI			
179	Assemblea Regionale Siciliana (ARS) Area 2 Servizio del Personale	Government e settore pubblico	04 VITA POLITICA	0436 POTERE ESECUTIVO E AMMINISTRAZIONE PUBBLICA	Organigramma degli uffici			http://www.ars.sicilia.it/uffici/organigramma.jsp		Proprietario (html)	NO		SI			
180	Assemblea Regionale Siciliana (ARS)	Government e settore pubblico	04 VITA POLITICA	0426 LAVORI PARLAMENTARI	Lavori d'Aula	Calendario dei lavori d'aula e resoconti stenografici: - ordini del giorno e comunicazioni; - allegati all'ordine degl giorno; - resoconti stenografici; - video della seduta.		http://www.ars.sicilia.it/sedute/default.jsp		Proprietario (pdf)	NO		SI			
181	Assemblea Regionale Siciliana (ARS)	Government e settore pubblico	04 VITA POLITICA	0426 LAVORI PARLAMENTARI	Calendario convocazioni Commissioni parlamentari			http://www.ars.sicilia.it/organi/commissioni/calendario.jsp#		Proprietario (jsp)	NO		SI			
182	Assemblea Regionale Siciliana (ARS)	Government e settore pubblico	04 VITA POLITICA	0426 LAVORI PARLAMENTARI	Disegni di legge	Raccolta dei disegni di legge (consultabile tramite maschera di interrogazione)		http://www.ars.sicilia.it/home/cerca/221.jsp		Proprietario (DB)	NO		SI			
183	Assemblea Regionale Siciliana (ARS)	Government e settore pubblico	04 VITA POLITICA	0426 LAVORI PARLAMENTARI	Interrogazioni	Raccolta delle interrogazioni parlamentari (consultabile tramite maschera di ricerca)		http://www.ars.sicilia.it/home/cerca/233.jsp		Proprietario (DB)	NO		SI			
184	Assemblea Regionale Siciliana (ARS)	Government e settore pubblico	04 VITA POLITICA	0426 LAVORI PARLAMENTARI	Interpellanze	Raccolta delle interpellanze parlamentari (consultabile tramite maschera di ricerca)		http://www.ars.sicilia.it/home/cerca/234.jsp		Proprietario (DB)	NO		SI			
185	Assemblea Regionale Siciliana (ARS)	Government e settore pubblico	04 VITA POLITICA	0426 LAVORI PARLAMENTARI	Mozioni	Raccolta delle mozioni parlamentari (consultabile tramite maschera di ricerca)		http://www.ars.sicilia.it/home/cerca/235.jsp		Proprietario (DB)	NO		SI			
186	Assemblea Regionale Siciliana (ARS)	Government e settore pubblico	04 VITA POLITICA	0426 LAVORI PARLAMENTARI	Ordini del giorno	Raccolta degli ordini del giorno (consultabile tramite maschera di ricerca)		http://www.ars.sicilia.it/home/cerca/236.jsp		Proprietario (DB)	NO		SI			
187	Assemblea Regionale Siciliana (ARS)	Government e settore pubblico	04 VITA POLITICA	0426 LAVORI PARLAMENTARI	Risoluzioni	Raccolta delle risloluzioni parlamentari (consultabile tramite maschera di ricerca)		http://www.ars.sicilia.it/home/cerca/238.jsp		Proprietario (DB)	NO		SI			
188	Assemblea Regionale Siciliana (ARS)	Government e settore pubblico	32 ISTRUZIONE E COMUNICAZIONE	3221 DOCUMENTAZIONE	Studi e pubblicazioni			http://www.ars.sicilia.it/informazione/pubblicazioni/default.jsp?tipo=P		Proprietario (html + pdf)	NO		SI			
189	Assemblea Regionale Siciliana (ARS)	Government e settore pubblico	12 DIRITTO	1206 FONTI E BRANCHE DEL DIRITTO	Raccolte normative			http://www.ars.sicilia.it/informazione/pubblicazioni/default.jsp?tipo=N		Proprietario (html + pdf)	NO		SI			
190	Assemblea Regionale Siciliana (ARS)	Government e settore pubblico	20 SCAMBI ECONOMICI E COMMERCIALI	2006 POLITICA COMMERCIALE	Bandi di gara			http://www.ars.sicilia.it/informazione/gare/default.jsp?tipo=G		Proprietario (html + pdf)	NO		SI			
191	Assemblea Regionale Siciliana (ARS)	Government e settore pubblico	20 SCAMBI ECONOMICI E COMMERCIALI	2006 POLITICA COMMERCIALE	Concorsi			http://www.ars.sicilia.it/informazione/gare/default.jsp?tipo=C		Proprietario (html + pdf)	NO		SI			
192	Assemblea Regionale Siciliana (ARS)	Government e settore pubblico	32 ISTRUZIONE E COMUNICAZIONE	3221 DOCUMENTAZIONE	Biblioteca	Catalogo della biblioteca dell'ARS (OPAC) (consultabile tramite maschera di ricerca)		http://www.ars.sicilia.it/home/cerca/205.jsp		Proprietario (DB)	NO		SI			
193	Assemblea Regionale Siciliana (ARS)	Government e settore pubblico	32 ISTRUZIONE E COMUNICAZIONE	3236 INFORMATICA E TRATTAMENTO DEI DATI	Opere multimediali	Catalogo delle opere multimediali dell'ARS (consultabile tramite maschera di ricerca)		http://www.ars.sicilia.it/home/cerca/205multimedia.jsp		Proprietario (DB)	NO		SI			
																
																
																
																
																
																
																
																
																
																
																
																
																
																
																
																
																
																
																
																
	Assessorato del'Economia Dipartimento del Bilancio e del Tesoro - Ragioneria generale della Regione Servizio Statistica ed Analisi Economica	Statistica	16 VITA ECONOMICA	1631 ANALISI ECONOMICA	Annuario statistico 2012	Contiene i dati statistici sui principali aspetti della realtà socio-economica della Regione Siciliana		http://pti.regione.sicilia.it/portal/page/portal/PIR_PORTALE/PIR_LaStrutturaRegionale/PIR_AssessoratoEconomia/PIR_DipBilancioTesoro/PIR_ServizioStatistica/PIR_7486913.46118292		Proprietario (xls)	NO		SI			 Sono disponibili anche gli annuari degli anni precedenti